Workbook
Name Slicer_Daibetes_status: #N/A
Name Slicer_weight_status: #N/A

Sheet Customer Names
A1: Customer ID | B1: name
A2: Id1 | B2: Hawks, Ms. Kelly
A3: Id2 | B3: Lehner, Mr. Matthew D
A4: Id3 | B4: Lu, Mr. Phil
A5: Id4 | B5: Osborne, Ms. Kelsey
A6: Id5 | B6: Kadala, Ms. Kristyn
A7: Id6 | B7: Baker, Mr. Russell B.
A8: Id7 | B8: Macpherson, Mr. Scott
A9: Id8 | B9: Hallman, Mr. Stephen
A10: Id9 | B10: Moran, Mr. Patrick R.
A11: Id10 | B11: Benner, Ms. Brooke N.
A12: Id11 | B12: Fierro Vargas, Ms. Paola Andrea
... A2336: Id2335 | B2336: German, Mr. Aaron K

Sheet Medical Examinations
A1: Customer ID | B1: BMI | C1: HBA1C | D1: Heart Issues | E1: Any Transplants | F1: Cancer history | G1: NumberOfMajorSurgeries | H1: smoker
A2: Id1 | B2: 47.41 | C2: 7.47 | D2: No | E2: No | F2: No | G2: No major surgery | H2: yes
A3: Id2 | B3: 30.36 | C3: 5.77 | D3: No | E3: No | F3: No | G3: No major surgery | H3: yes
A4: Id3 | B4: 34.485 | C4: 11.87 | D4: yes | E4: No | F4: No | G4: 2 | H4: yes
A5: Id4 | B5: 38.095 | C5: 6.05 | D5: No | E5: No | F5: No | G5: No major surgery | H5: yes
A6: Id5 | B6: 35.53 | C6: 5.45 | D6: No | E6: No | F6: No | G6: No major surgery | H6: yes
A7: Id6 | B7: 32.8 | C7: 6.59 | D7: No | E7: No | F7: No | G7: No major surgery | H7: yes
A8: Id7 | B8: 36.4 | C8: 6.07 | D8: No | E8: No | F8: No | G8: No major surgery | H8: yes
A9: Id8 | B9: 36.96 | C9: 7.93 | D9: No | E9: No | F9: No | G9: 3 | H9: yes
A10: Id9 | B10: 41.14 | C10: 9.58 | D10: yes | E10: No | F10: Yes | G10: 1 | H10: yes
A11: Id10 | B11: 38.06 | C11: 10.79 | D11: No | E11: No | F11: No | G11: No major surgery | H11: yes
A12: Id11 | B12: 37.7 | C12: 5.96 | D12: yes | E12: No | F12: No | G12: 2 | H12: yes
A13: Id12 | B13: 42.13 | C13: 11.9 | D13: No | E13: No | F13: No | G13: No major surgery | H13: yes
A14: Id13 | B14: 40.92 | C14: 8.41 | D14: No | E14: No | F14: No | G14: No major surgery | H14: yes
A15: Id14 | B15: 40.565 | C15: 7.02 | D15: No | E15: No | F15: No | G15: No major surgery | H15: yes
A16: Id15 | B16: 36.385 | C16: 7.59 | D16: yes | E16: No | F16: No | G16: 2 | H16: yes
A17: Id16 | B17: 39.9 | C17: 11.32 | D17: No | E17: No | F17: No | G17: No major surgery | H17: yes
A18: Id17 | B18: 33.8 | C18: 7.67 | D18: No | E18: No | F18: No | G18: 3 | H18: yes
A19: Id18 | B19: 36.765 | C19: 7.29 | D19: yes | E19: No | F19: Yes | G19: 1 | H19: yes
A20: Id19 | B20: 36.955 | C20: 4.72 | D20: yes | E20: No | F20: No | G20: 1 | H20: yes
A21: Id20 | B21: 42.9 | C21: 11.41 | D21: No | E21: No | F21: No | G21: No major surgery | H21: yes
A22: Id21 | B22: 36.3 | C22: 11.5 | D22: yes | E22: No | F22: No | G22: 2 | H22: yes
A23: Id22 | B23: 32.2 | C23: 6.22 | D23: yes | E23: No | F23: No | G23: 2 | H23: yes
A24: Id23 | B24: 31.3 | C24: 11.38 | D24: No | E24: No | F24: No | G24: 3 | H24: yes
A25: Id24 | B25: 41.8 | C25: 7.89 | D25: yes | E25: No | F25: No | G25: 2 | H25: yes
A26: Id25 | B26: 35.09 | C26: 4.38 | D26: yes | E26: No | F26: No | G26: 2 | H26: yes
A27: Id26 | B27: 33.88 | C27: 7.01 | D27: No | E27: No | F27: No | G27: 3 | H27: yes
A28: Id27 | B28: 30.875 | C28: 11.88 | D28: No | E28: No | F28: No | G28: No major surgery | H28: yes
A29: Id28 | B29: 36.86 | C29: 5.19 | D29: yes | E29: No | F29: Yes | G29: 1 | H29: yes
A30: Id29 | B30: 35.86 | C30: 6.74 | D30: yes | E30: No | F30: No | G30: 2 | H30: yes
A31: Id30 | B31: 37.05 | C31: 8.44 | D31: No | E31: No | F31: No | G31: No major surgery | H31: yes
A32: Id31 | B32: 43.89 | C32: 8.71 | D32: No | E32: No | F32: No | G32: No major surgery | H32: yes
A33: Id32 | B33: 42.35 | C33: 5.08 | D33: yes | E33: No | F33: No | G33: No major surgery | H33: yes
A34: Id33 | B34: 31.35 | C34: 6.86 | D34: No | E34: No | F34: No | G34: No major surgery | H34: yes
A35: Id34 | B35: 47.6 | C35: 5.95 | D35: yes | E35: No | F35: No | G35: No major surgery | H35: yes
A36: Id35 | B36: 46.2 | C36: 6.09 | D36: No | E36: No | F36: Yes | G36: 1 | H36: yes
A37: Id36 | B37: 32.015 | C37: 11.75 | D37: No | E37: No | F37: No | G37: No major surgery | H37: yes
A38: Id37 | B38: 40.565 | C38: 7.37 | D38: No | E38: No | F38: No | G38: No major surgery | H38: yes
A39: Id38 | B39: 32.45 | C39: 11.91 | D39: No | E39: No | F39: No | G39: No major surgery | H39: yes
A40: Id39 | B40: 34.96 | C40: 6.52 | D40: No | E40: No | F40: No | G40: No major surgery | H40: yes
A41: Id40 | B41: 35.5 | C41: 5.14 | D41: No | E41: No | F41: Yes | G41: 1 | H41: yes
A42: Id41 | B42: 52.58 | C42: 4.19 | D42: No | E42: yes | F42: No | G42: 1 | H42: yes
A43: Id42 | B43: 35.2 | C43: 11.68 | D43: yes | E43: No | F43: No | G43: No major surgery | H43: yes
A44: Id43 | B44: 38.06 | C44: 6.98 | D44: No | E44: No | F44: No | G44: No major surgery | H44: yes
A45: Id44 | B45: 34.21 | C45: 8.34 | D45: No | E45: No | F45: No | G45: No major surgery | H45: yes
A46: Id45 | B46: 38.94 | C46: 8.49 | D46: yes | E46: No | F46: No | G46: 1 | H46: yes
A47: Id46 | B47: 30.21 | C47: 5.34 | D47: yes | E47: No | F47: No | G47: 1 | H47: yes
A48: Id47 | B48: 33.63 | C48: 4.43 | D48: yes | E48: No | F48: No | G48: 2 | H48: yes
A49: Id48 | B49: 40.37 | C49: 4.47 | D49: No | E49: No | F49: No | G49: No major surgery | H49: yes
A50: Id49 | B50: 53.09 | C50: 4.82 | D50: yes | E50: No | F50: No | G50: 2 | H50: yes
A51: Id50 | B51: 31.79 | C51: 5.51 | D51: yes | E51: No | F51: No | G51: 2 | H51: yes
A52: Id51 | B52: 41.895 | C52: 10.87 | D52: yes | E52: No | F52: No | G52: 1 | H52: yes
A53: Id52 | B53: 31.16 | C53: 9.34 | D53: No | E53: No | F53: No | G53: No major surgery | H53: yes
A54: Id53 | B54: 34.105 | C54: 5.03 | D54: yes | E54: No | F54: Yes | G54: 1 | H54: yes
A55: Id54 | B55: 51.93 | C55: 11.05 | D55: No | E55: No | F55: No | G55: No major surgery | H55: yes
A56: Id55 | B56: 38.95 | C56: 11.95 | D56: No | E56: No | F56: No | G56: No major surgery | H56: yes
A57: Id56 | B57: 36.63 | C57: 7.72 | D57: yes | E57: No | F57: No | G57: 1 | H57: yes
A58: Id57 | B58: 34.2 | C58: 5.75 | D58: No | E58: No | F58: No | G58: 2 | H58: yes
A59: Id58 | B59: 50.63 | C59: 11.89 | D59: No | E59: No | F59: No | G59: No major surgery | H59: yes
A60: Id59 | B60: 36.48 | C60: 6.2 | D60: No | E60: No | F60: No | G60: No major surgery | H60: yes
A61: Id60 | B61: 54.82 | C61: 10.61 | D61: No | E61: No | F61: No | G61: No major surgery | H61: yes
A62: Id61 | B62: 38.06 | C62: 6.04 | D62: No | E62: No | F62: Yes | G62: 1 | H62: yes
A63: Id62 | B63: 51.48 | C63: 9.33 | D63: yes | E63: No | F63: No | G63: No major surgery | H63: yes
A64: Id63 | B64: 52.06 | C64: 11.47 | D64: No | E64: No | F64: No | G64: No major surgery | H64: yes
A65: Id64 | B65: 30.685 | C65: 7.02 | D65: yes | E65: No | F65: No | G65: No major surgery | H65: yes
A66: Id65 | B66: 36.08 | C66: 8.8 | D66: yes | E66: No | F66: No | G66: 1 | H66: yes
A67: Id66 | B67: 54.99 | C67: 8.68 | D67: No | E67: No | F67: No | G67: 2 | H67: yes
A68: Id67 | B68: 35.97 | C68: 6.12 | D68: No | E68: No | F68: Yes | G68: 1 | H68: yes
A69: Id68 | B69: 45.54 | C69: 5.4 | D69: yes | E69: No | F69: Yes | G69: 1 | H69: yes
A70: Id69 | B70: 35.53 | C70: 4.36 | D70: yes | E70: No | F70: No | G70: No major surgery | H70: yes
A71: Id70 | B71: 30.8 | C71: 9.77 | D71: No | E71: No | F71: No | G71: No major surgery | H71: yes
A72: Id71 | B72: 38.39 | C72: 4.25 | D72: No | E72: No | F72: No | G72: 1 | H72: yes
A73: Id72 | B73: 32.3 | C73: 4.76 | D73: No | E73: No | F73: No | G73: 2 | H73: yes
A74: Id73 | B74: 48.8 | C74: 6.22 | D74: yes | E74: No | F74: No | G74: 2 | H74: yes
A75: Id74 | B75: 45.5 | C75: 7.96 | D75: No | E75: No | F75: No | G75: No major surgery | H75: yes
A76: Id75 | B76: 53.61 | C76: 10.92 | D76: yes | E76: No | F76: No | G76: 1 | H76: yes
A77: Id76 | B77: 36.19 | C77: 11.51 | D77: yes | E77: No | F77: No | G77: 1 | H77: yes
A78: Id77 | B78: 34.6 | C78: 5.99 | D78: yes | E78: No | F78: No | G78: No major surgery | H78: yes
A79: Id78 | B79: 54.12 | C79: 11.57 | D79: No | E79: No | F79: No | G79: No major surgery | H79: yes
A80: Id79 | B80: 48.82 | C80: 6.67 | D80: yes | E80: No | F80: No | G80: No major surgery | H80: yes
A81: Id80 | B81: 51.01 | C81: 9.2 | D81: No | E81: No | F81: No | G81: No major surgery | H81: yes
A82: Id81 | B82: 45.65 | C82: 5.11 | D82: yes | E82: No | F82: No | G82: 1 | H82: yes
A83: Id82 | B83: 52.9 | C83: 5.34 | D83: No | E83: No | F83: No | G83: No major surgery | H83: yes
A84: Id83 | B84: 45.41 | C84: 4.03 | D84: yes | E84: No | F84: No | G84: 1 | H84: yes
A85: Id84 | B85: 49.41 | C85: 4.23 | D85: yes | E85: No | F85: Yes | G85: 1 | H85: yes
A86: Id85 | B86: 31.825 | C86: 4.06 | D86: No | E86: No | F86: No | G86: 2 | H86: yes
A87: Id86 | B87: 51.28 | C87: 4.68 | D87: No | E87: No | F87: No | G87: 2 | H87: yes
A88: Id87 | B88: 34.96 | C88: 4.34 | D88: No | E88: No | F88: Yes | G88: 1 | H88: yes
A89: Id88 | B89: 33.11 | C89: 10.51 | D89: No | E89: No | F89: No | G89: No major surgery | H89: yes
A90: Id89 | B90: 54.74 | C90: 5.84 | D90: yes | E90: No | F90: Yes | G90: 1 | H90: yes
A91: Id90 | B91: 32.56 | C91: 5.41 | D91: No | E91: No | F91: Yes | G91: 1 | H91: yes
A92: Id91 | B92: 39.05 | C92: 6.06 | D92: No | E92: No | F92: No | G92: 1 | H92: yes
A93: Id92 | B93: 42.75 | C93: 4.22 | D93: No | E93: No | F93: No | G93: No major surgery | H93: yes
A94: Id93 | B94: 50.58 | C94: 5.12 | D94: No | E94: No | F94: No | G94: 2 | H94: yes
A95: Id94 | B95: 30.495 | C95: 4.57 | D95: yes | E95: No | F95: No | G95: No major surgery | H95: yes
A96: Id95 | B96: 48.31 | C96: 9.58 | D96: yes | E96: No | F96: No | G96: 2 | H96: yes
A97: Id96 | B97: 48.99 | C97: 9.78 | D97: yes | E97: No | F97: No | G97: 1 | H97: yes
A98: Id97 | B98: 38.39 | C98: 4.11 | D98: yes | E98: No | F98: No | G98: No major surgery | H98: yes
A99: Id98 | B99: 44.34 | C99: 4.02 | D99: yes | E99: No | F99: No | G99: 2 | H99: yes
A100: Id99 | B100: 41.51 | C100: 6.92 | D100: No | E100: No | F100: No | G100: No major surgery | H100: yes
...

Sheet Hospitalisation Details
A1: Customer ID | B1: year | C1: month | D1: date | E1: children | F1: charges | G1: Hospital tier | H1: City tier | I1: State ID
A2: Id2335 | B2: 1992 | C2: Jul | D2: 9 | E2: 0 | F2: 563.84 | G2: tier - 2 | H2: tier - 3 | I2: R1013
A3: Id2334 | B3: 1992 | C3: Nov | D3: 30 | E3: 0 | F3: 570.62 | G3: tier - 2 | H3: tier - 1 | I3: R1013
A4: Id2333 | B4: 1993 | C4: Jun | D4: 30 | E4: 0 | F4: 600 | G4: tier - 2 | H4: tier - 1 | I4: R1013
A5: Id2332 | B5: 1992 | C5: Sep | D5: 13 | E5: 0 | F5: 604.54 | G5: tier - 3 | H5: tier - 3 | I5: R1013
A6: Id2331 | B6: 1998 | C6: Jul | D6: 27 | E6: 0 | F6: 637.26 | G6: tier - 3 | H6: tier - 3 | I6: R1013
A7: Id2330 | B7: 2001 | C7: Nov | D7: 20 | E7: 0 | F7: 646.14 | G7: tier - 3 | H7: tier - 3 | I7: R1012
A8: Id2329 | B8: 1993 | C8: Jun | D8: 1 | E8: 0 | F8: 650 | G8: tier - 3 | H8: tier - 3 | I8: R1013
A9: Id2328 | B9: 1995 | C9: Jul | D9: 4 | E9: 0 | F9: 650 | G9: tier - 3 | H9: tier - 3 | I9: R1013
A10: Id2327 | B10: 2002 | C10: Nov | D10: 29 | E10: 0 | F10: 668 | G10: tier - 3 | H10: tier - 2 | I10: R1012
A11: Id2326 | B11: 1997 | C11: Nov | D11: 9 | E11: 0 | F11: 670 | G11: tier - 3 | H11: tier - 3 | I11: R1013
A12: Id2325 | B12: 2001 | C12: Sep | D12: 12 | E12: 0 | F12: 687.54 | G12: tier - 3 | H12: tier - 2 | I12: R1013
A13: Id2324 | B13: 1999 | C13: Dec | D13: 26 | E13: 0 | F13: 700 | G13: ? | H13: tier - 3 | I13: R1013
... A1050: Id1290 | B1050: 1977 | C1050: Jul | D1050: 26 | E1050: 2 | F1050: 8527.53 | G1050: tier - 2 | H1050: tier - 2 | I1050: R1013
A1051: Id1289 | B1051: ? | C1051: Jul | D1051: 24 | E1051: 0 | F1051: 8534.67 | G1051: tier - 2 | H1051: tier - 3 | I1051: R1024
A1052: Id1288 | B1052: 1981 | C1052: Dec | D1052: 27 | E1052: 3 | F1052: 8538.29 | G1052: tier - 2 | H1052: tier - 3 | I1052: R1024
A1053: Id1287 | B1053: 1975 | C1053: Nov | D1053: 6 | E1053: 1 | F1053: 8539.67 | G1053: tier - 2 | H1053: tier - 3 | I1053: R1011
A1054: Id1286 | B1054: ? | C1054: Dec | D1054: 12 | E1054: 1 | F1054: 8547.69 | G1054: tier - 2 | H1054: tier - 1 | I1054: R1013
A1055: Id1285 | B1055: 1975 | C1055: Aug | D1055: 6 | E1055: 1 | F1055: 8551.35 | G1055: tier - 2 | H1055: tier - 2 | I1055: R1011
A1056: Id1284 | B1056: 1975 | C1056: Aug | D1056: 21 | E1056: 1 | F1056: 8556.91 | G1056: tier - 2 | H1056: tier - 1 | I1056: R1011
A1057: Id1283 | B1057: 1988 | C1057: Sep | D1057: 21 | E1057: 3 | F1057: 8567.25 | G1057: tier - 2 | H1057: tier - 1 | I1057: R1012
A1058: Id1282 | B1058: 1975 | C1058: Sep | D1058: 26 | E1058: 1 | F1058: 8569.86 | G1058: tier - 2 | H1058: tier - 3 | I1058: R1013
A1059: Id1281 | B1059: 1982 | C1059: Dec | D1059: 6 | E1059: 3 | F1059: 8572.04 | G1059: tier - 2 | H1059: tier - 2 | I1059: R1021
A1060: Id1280 | B1060: 1987 | C1060: Nov | D1060: 11 | E1060: 3 | F1060: 8573.3 | G1060: tier - 2 | H1060: tier - 2 | I1060: R1021
A1061: Id1279 | B1061: 1983 | C1061: Dec | D1061: 30 | E1061: 5 | F1061: 8582.3 | G1061: tier - 2 | H1061: tier - 1 | I1061: R1013
A1062: Id1278 | B1062: 1983 | C1062: Jul | D1062: 25 | E1062: 5 | F1062: 8596.83 | G1062: tier - 2 | H1062: tier - 3 | I1062: R1013
A1063: Id1277 | B1063: 1973 | C1063: Jul | D1063: 11 | E1063: 0 | F1063: 8601.33 | G1063: tier - 2 | H1063: tier - 1 | I1063: R1013
A1064: Id1276 | B1064: 1977 | C1064: Sep | D1064: 24 | E1064: 2 | F1064: 8603.82 | G1064: tier - 2 | H1064: tier - 1 | I1064: R1019
A1065: Id1275 | B1065: 1977 | C1065: Nov | D1065: 12 | E1065: 2 | F1065: 8604.48 | G1065: tier - 3 | H1065: tier - 2 | I1065: R1016
A1066: Id1274 | B1066: 1977 | C1066: Oct | D1066: 15 | E1066: 3 | F1066: 8605.36 | G1066: tier - 2 | H1066: tier - 2 | I1066: R1013
... A2344: Id1 | B2344: 1968 | C2344: Oct | D2344: 12 | E2344: 0 | F2344: 63770.43 | G2344: tier - 1 | H2344: tier - 3 | I2344: R1013

Sheet data cleaning 
A2: ()Data Cleaning:
A4: 1) | B4: =COUNTIF('Medical Examinations'!A1:H2336,"?") -> 0 | C4: in Medical Examinations
B5: =COUNTIF('Hospitalisation Details'!A1:I2344,"?") -> 12 | C5: in Hospitalisation Details
A7: 2) | C7: year | D7: month | F7: 3) | G7: City tier | H7: Hospital tier | I7: smoker | K7: most occuring | N7: 4) | O7: State ID
C8: 1992 | D8: Jul | G8: tier - 3 | H8: tier - 2 | I8: yes | K8: city tier | L8: {=INDEX(G8:G2350,MODE(MATCH(G8:G2350,G8:G2350,0)))} -> tier - 2 | O8: R1013
C9: 1992 | D9: Nov | G9: tier - 1 | H9: tier - 2 | I9: yes | K9: hospital tier | L9: {=INDEX(H8:H2350,MODE(MATCH(H8:H2350,H8:H2350,0)))} -> tier - 2 | O9: R1013
C10: 1993 | D10: Jun | G10: tier - 1 | H10: tier - 2 | I10: yes | K10: smoker | L10: {=INDEX(I8:I2342,MODE(MATCH(I8:I2342,I8:I2342,0)))} -> No | O10: R1013
C11: 1992 | D11: Sep | G11: tier - 3 | H11: tier - 3 | I11: yes | O11: R1013
C12: 1998 | D12: Jul | G12: tier - 3 | H12: tier - 3 | I12: yes | O12: R1013
C13: 2001 | D13: Nov | G13: tier - 3 | H13: tier - 3 | I13: yes | O13: R1012
C14: 1993 | D14: Jun | G14: tier - 3 | H14: tier - 3 | I14: yes | O14: R1013
C15: 1995 | D15: Jul | G15: tier - 3 | H15: tier - 3 | I15: yes | O15: R1013
C16: 2002 | D16: Nov | G16: tier - 2 | H16: tier - 3 | I16: yes | O16: R1012
C17: 1997 | D17: Nov | G17: tier - 3 | H17: tier - 3 | I17: yes | O17: R1013
C18: 2001 | D18: Sep | G18: tier - 2 | H18: tier - 3 | I18: yes | O18: R1013
C19: 1999 | D19: Dec | G19: tier - 3 | H19: tier - 2 | I19: yes | O19: R1013
C20: 1999 | D20: Dec | G20: tier - 1 | H20: tier - 3 | I20: yes | O20: R1013
C21: 2002 | D21: =D18 -> Sep | G21: tier - 1 | H21: tier - 3 | I21: yes | O21: R1012
C22: 1993 | D22: Aug | G22: tier - 1 | H22: tier - 3 | I22: yes | O22: R1013
C23: 1996 | D23: Oct | G23: tier - 3 | H23: tier - 3 | I23: yes | O23: R1013
C24: 1993 | D24: Jun | G24: tier - 3 | H24: tier - 3 | I24: yes | O24: R1013
C25: 1996 | D25: =D18 -> Sep | G25: tier - 2 | H25: tier - 3 | I25: yes | O25: R1012
C26: 1995 | D26: Dec | G26: tier - 2 | H26: tier - 3 | I26: yes | O26: R1013
C27: 2004 | D27: Oct | G27: tier - 2 | H27: tier - 3 | I27: yes | O27: R1011
C28: 2000 | D28: Nov | G28: tier - 1 | H28: tier - 3 | I28: yes | O28: R1013
C29: 1993 | D29: Nov | G29: tier - 1 | H29: tier - 3 | I29: yes | O29: R1013
C30: 1994 | D30: Oct | G30: tier - 1 | H30: tier - 3 | I30: yes | O30: R1013
C31: 1995 | D31: Oct | G31: tier - 1 | H31: tier - 3 | I31: yes | O31: R1013
C32: 2001 | D32: Aug | G32: tier - 2 | H32: tier - 3 | I32: yes | O32: R1013
C33: 1994 | D33: Nov | G33: tier - 2 | H33: tier - 3 | I33: yes | O33: R1013
C34: 2000 | D34: Oct | G34: tier - 2 | H34: tier - 3 | I34: yes | O34: R1013
C35: 1999 | D35: Aug | G35: tier - 2 | H35: tier - 3 | I35: yes | O35: R1013
C36: 1995 | D36: Oct | G36: tier - 1 | H36: tier - 3 | I36: yes | O36: R1013
C37: 1994 | D37: Nov | G37: tier - 2 | H37: tier - 3 | I37: yes | O37: R1013
... C1056: 1977 | D1056: Jul | G1056: tier - 2 | H1056: tier - 2 | I1056: No | O1056: R1013
C1057: =AVERAGE('Hospitalisation Details'!B2:B2344) -> 1982.8415 | D1057: Jul | G1057: tier - 3 | H1057: tier - 2 | I1057: No | O1057: R1024
C1058: 1981 | D1058: Dec | G1058: tier - 3 | H1058: tier - 2 | I1058: No | O1058: R1024
C1059: 1975 | D1059: Nov | G1059: tier - 3 | H1059: tier - 2 | I1059: No | O1059: R1011
C1060: =AVERAGE('Hospitalisation Details'!B2:B2344) -> 1982.8415 | D1060: Dec | G1060: tier - 1 | H1060: tier - 2 | I1060: No | O1060: R1013
C1061: 1975 | D1061: Aug | G1061: tier - 2 | H1061: tier - 2 | I1061: No | O1061: R1011
C1062: 1975 | D1062: Aug | G1062: tier - 1 | H1062: tier - 2 | I1062: No | O1062: R1011
C1063: 1988 | D1063: Sep | G1063: tier - 1 | H1063: tier - 2 | I1063: No | O1063: R1012
C1064: 1975 | D1064: Sep | G1064: tier - 3 | H1064: tier - 2 | I1064: No | O1064: R1013
C1065: 1982 | D1065: Dec | G1065: tier - 2 | H1065: tier - 2 | I1065: No | O1065: R1021
C1066: 1987 | D1066: Nov | G1066: tier - 2 | H1066: tier - 2 | I1066: No | O1066: R1021
C1067: 1983 | D1067: Dec | G1067: tier - 1 | H1067: tier - 2 | I1067: No | O1067: R1013
C1068: 1983 | D1068: Jul | G1068: tier - 3 | H1068: tier - 2 | I1068: No | O1068: R1013
C1069: 1973 | D1069: Jul | G1069: tier - 1 | H1069: tier - 2 | I1069: No | O1069: R1013
C1070: 1977 | D1070: Sep | G1070: tier - 1 | H1070: tier - 2 | I1070: No | O1070: R1019
C1071: 1977 | D1071: Nov | G1071: tier - 2 | H1071: tier - 3 | I1071: No | O1071: R1016
C1072: 1977 | D1072: Oct | G1072: tier - 2 | H1072: tier - 2 | I1072: No | O1072: R1013
... C2342: 1963 | D2342: Sep | G2342: tier - 2 | H2342: tier - 1 | I2342: No | O2342: R1013
C2343: 1958 | D2343: Jun | G2343: tier - 2 | H2343: tier - 2 | O2343: R1013
C2344: 1994 | D2344: Oct | G2344: tier - 3 | H2344: tier - 1 | O2344: R1011
C2345: 1962 | D2345: Aug | G2345: tier - 3 | H2345: tier - 1 | O2345: R1011
C2346: 1989 | D2346: Jun | G2346: tier - 2 | H2346: tier - 1 | O2346: R1012
C2347: 1991 | D2347: Jun | G2347: tier - 3 | H2347: tier - 1 | O2347: R1024
C2348: 1970 | D2348: =D2342 -> Sep | G2348: tier - 1 | H2348: tier - 1 | O2348: R1012
C2349: 1977 | D2349: Jun | G2349: tier - 3 | H2349: tier - 2 | O2349: R1013
C2350: 1968 | D2350: Oct | G2350: tier - 3 | H2350: tier - 1 | O2350: R1013

Sheet data transformation 
A1: 2) data transformation
A4: 1) | B4: name | C4: first name | D4: title | E4: last name | G4: 2) | H4: NumberOfMajorSurgeries | J4: 3) | N4: 4) | O4: BMI | P4: weight status | R4: 5) | S4: HBA1C | T4: Daibetes status | W4: 6) | X4: year | Y4: month | Z4: date | AA4: date of birth | AC4: 7) | AD4: date of birth | AE4: age | AG4: 8) | AH4: charges
B5: Hawks, Ms. Kelly | C5: Hawks | D5: Ms | E5: Kelly | H5: 0 | K5: Heart Issues | L5: smoker | O5: 47.41 | P5: =IF(O5<18.5,"Underweight",IF(O5<25,"Normal Weight",IF(O5<30,"Overweight","Obesity"))) -> Obesity | S5: 7.47 | T5: =IF(S5<5.7,"normal",IF(S5<6.5,"Prediabetes",IF(S5>6.5,"diabetes"))) -> diabetes | X5: 1992 | Y5: Jul | Z5: 9 | AA5: =CONCATENATE(Z5," ",Y5," ", X5) -> 9 Jul 1992 | AD5: =CONCATENATE(Z5," ",Y5," ",X5) -> 9 Jul 1992 | AE5: =DATEDIF(AD5,TODAY(),"y") -> 34 | AH5: 563.84
B6: Lehner, Mr. Matthew D | C6: Lehner | D6: Mr | E6: Matthew D | H6: 0 | K6: No | L6: yes | O6: 30.36 | P6: =IF(O6<18.5,"Underweight",IF(O6<25,"Normal Weight",IF(O6<30,"Overweight","Obesity"))) -> Obesity | S6: 5.77 | T6: =IF(S6<5.7,"normal",IF(S6<6.5,"Prediabetes",IF(S6>6.5,"diabetes"))) -> Prediabetes | X6: 1992 | Y6: Nov | Z6: 30 | AA6: =CONCATENATE(Z6," ",Y6," ", X6) -> 30 Nov 1992 | AD6: =CONCATENATE(Z6," ",Y6," ",X6) -> 30 Nov 1992 | AE6: =DATEDIF(AD6,TODAY(),"y") -> 33 | AH6: 570.62
B7: Lu, Mr. Phil | C7: Lu | D7: Mr | E7: Phil | H7: 2 | K7: No | L7: yes | O7: 34.485 | P7: =IF(O7<18.5,"Underweight",IF(O7<25,"Normal Weight",IF(O7<30,"Overweight","Obesity"))) -> Obesity | S7: 11.87 | T7: =IF(S7<5.7,"normal",IF(S7<6.5,"Prediabetes",IF(S7>6.5,"diabetes"))) -> diabetes | X7: 1993 | Y7: Jun | Z7: 30 | AA7: =CONCATENATE(Z7," ",Y7," ", X7) -> 30 Jun 1993 | AD7: =CONCATENATE(Z7," ",Y7," ",X7) -> 30 Jun 1993 | AE7: =DATEDIF(AD7,TODAY(),"y") -> 33 | AH7: 600
B8: Osborne, Ms. Kelsey | C8: Osborne | D8: Ms | E8: Kelsey | H8: 0 | K8: No | L8: yes | O8: 38.095 | P8: =IF(O8<18.5,"Underweight",IF(O8<25,"Normal Weight",IF(O8<30,"Overweight","Obesity"))) -> Obesity | S8: 6.05 | T8: =IF(S8<5.7,"normal",IF(S8<6.5,"Prediabetes",IF(S8>6.5,"diabetes"))) -> Prediabetes | X8: 1992 | Y8: Sep | Z8: 13 | AA8: =CONCATENATE(Z8," ",Y8," ", X8) -> 13 Sep 1992 | AD8: =CONCATENATE(Z8," ",Y8," ",X8) -> 13 Sep 1992 | AE8: =DATEDIF(AD8,TODAY(),"y") -> 34 | AH8: 604.54
B9: Kadala, Ms. Kristyn | C9: Kadala | D9: Ms | E9: Kristyn | H9: 0 | K9: No | L9: yes | O9: 35.53 | P9: =IF(O9<18.5,"Underweight",IF(O9<25,"Normal Weight",IF(O9<30,"Overweight","Obesity"))) -> Obesity | S9: 5.45 | T9: =IF(S9<5.7,"normal",IF(S9<6.5,"Prediabetes",IF(S9>6.5,"diabetes"))) -> normal | X9: 1998 | Y9: Jul | Z9: 27 | AA9: =CONCATENATE(Z9," ",Y9," ", X9) -> 27 Jul 1998 | AD9: =CONCATENATE(Z9," ",Y9," ",X9) -> 27 Jul 1998 | AE9: =DATEDIF(AD9,TODAY(),"y") -> 28 | AH9: 637.26
B10: Baker, Mr. Russell B. | C10: Baker | D10: Mr | E10: Russell B | H10: 0 | K10: No | L10: yes | O10: 32.8 | P10: =IF(O10<18.5,"Underweight",IF(O10<25,"Normal Weight",IF(O10<30,"Overweight","Obesity"))) -> Obesity | S10: 6.59 | T10: =IF(S10<5.7,"normal",IF(S10<6.5,"Prediabetes",IF(S10>6.5,"diabetes"))) -> diabetes | X10: 2001 | Y10: Nov | Z10: 20 | AA10: =CONCATENATE(Z10," ",Y10," ", X10) -> 20 Nov 2001 | AD10: =CONCATENATE(Z10," ",Y10," ",X10) -> 20 Nov 2001 | AE10: =DATEDIF(AD10,TODAY(),"y") -> 24 | AH10: 646.14
B11: Macpherson, Mr. Scott | C11: Macpherson | D11: Mr | E11: Scott | H11: 0 | K11: No | L11: yes | O11: 36.4 | P11: =IF(O11<18.5,"Underweight",IF(O11<25,"Normal Weight",IF(O11<30,"Overweight","Obesity"))) -> Obesity | S11: 6.07 | T11: =IF(S11<5.7,"normal",IF(S11<6.5,"Prediabetes",IF(S11>6.5,"diabetes"))) -> Prediabetes | X11: 1993 | Y11: Jun | Z11: 1 | AA11: =CONCATENATE(Z11," ",Y11," ", X11) -> 1 Jun 1993 | AD11: =CONCATENATE(Z11," ",Y11," ",X11) -> 1 Jun 1993 | AE11: =DATEDIF(AD11,TODAY(),"y") -> 33 | AH11: 650
B12: Hallman, Mr. Stephen | C12: Hallman | D12: Mr | E12: Stephen | H12: 3 | K12: No | L12: yes | O12: 36.96 | P12: =IF(O12<18.5,"Underweight",IF(O12<25,"Normal Weight",IF(O12<30,"Overweight","Obesity"))) -> Obesity | S12: 7.93 | T12: =IF(S12<5.7,"normal",IF(S12<6.5,"Prediabetes",IF(S12>6.5,"diabetes"))) -> diabetes | X12: 1995 | Y12: Jul | Z12: 4 | AA12: =CONCATENATE(Z12," ",Y12," ", X12) -> 4 Jul 1995 | AD12: =CONCATENATE(Z12," ",Y12," ",X12) -> 4 Jul 1995 | AE12: =DATEDIF(AD12,TODAY(),"y") -> 31 | AH12: 650
B13: Moran, Mr. Patrick R. | C13: Moran | D13: Mr | E13: Patrick R | H13: 1 | K13: No | L13: yes | O13: 41.14 | P13: =IF(O13<18.5,"Underweight",IF(O13<25,"Normal Weight",IF(O13<30,"Overweight","Obesity"))) -> Obesity | S13: 9.58 | T13: =IF(S13<5.7,"normal",IF(S13<6.5,"Prediabetes",IF(S13>6.5,"diabetes"))) -> diabetes | X13: 2002 | Y13: Nov | Z13: 29 | AA13: =CONCATENATE(Z13," ",Y13," ", X13) -> 29 Nov 2002 | AD13: =CONCATENATE(Z13," ",Y13," ",X13) -> 29 Nov 2002 | AE13: =DATEDIF(AD13,TODAY(),"y") -> 23 | AH13: 668
B14: Benner, Ms. Brooke N. | C14: Benner | D14: Ms | E14: Brooke N | H14: 0 | K14: No | L14: yes | O14: 38.06 | P14: =IF(O14<18.5,"Underweight",IF(O14<25,"Normal Weight",IF(O14<30,"Overweight","Obesity"))) -> Obesity | S14: 10.79 | T14: =IF(S14<5.7,"normal",IF(S14<6.5,"Prediabetes",IF(S14>6.5,"diabetes"))) -> diabetes | X14: 1997 | Y14: Nov | Z14: 9 | AA14: =CONCATENATE(Z14," ",Y14," ", X14) -> 9 Nov 1997 | AD14: =CONCATENATE(Z14," ",Y14," ",X14) -> 9 Nov 1997 | AE14: =DATEDIF(AD14,TODAY(),"y") -> 28 | AH14: 670
B15: Fierro Vargas, Ms. Paola Andrea | C15: Fierro Vargas | D15: Ms | E15: Paola Andrea | H15: 2 | K15: No | L15: yes | O15: 37.7 | P15: =IF(O15<18.5,"Underweight",IF(O15<25,"Normal Weight",IF(O15<30,"Overweight","Obesity"))) -> Obesity | S15: 5.96 | T15: =IF(S15<5.7,"normal",IF(S15<6.5,"Prediabetes",IF(S15>6.5,"diabetes"))) -> Prediabetes | X15: 2001 | Y15: Sep | Z15: 12 | AA15: =CONCATENATE(Z15," ",Y15," ", X15) -> 12 Sep 2001 | AD15: =CONCATENATE(Z15," ",Y15," ",X15) -> 12 Sep 2001 | AE15: =DATEDIF(AD15,TODAY(),"y") -> 25 | AH15: 687.54
B16: Franz, Mr. David | C16: Franz | D16: Mr | E16: David | H16: 0 | K16: No | L16: yes | O16: 42.13 | P16: =IF(O16<18.5,"Underweight",IF(O16<25,"Normal Weight",IF(O16<30,"Overweight","Obesity"))) -> Obesity | S16: 11.9 | T16: =IF(S16<5.7,"normal",IF(S16<6.5,"Prediabetes",IF(S16>6.5,"diabetes"))) -> diabetes | X16: 1999 | Y16: Dec | Z16: 26 | AA16: =CONCATENATE(Z16," ",Y16," ", X16) -> 26 Dec 1999 | AD16: =CONCATENATE(Z16," ",Y16," ",X16) -> 26 Dec 1999 | AE16: =DATEDIF(AD16,TODAY(),"y") -> 26 | AH16: 700
... B75: Turner, Mr. Jeff | C75: Turner | D75: Mr | E75: Jeff | H75: 1 | K75: No | L75: yes | O75: 38.39 | P75: =IF(O75<18.5,"Underweight",IF(O75<25,"Normal Weight",IF(O75<30,"Overweight","Obesity"))) -> Obesity | S75: 4.25 | T75: =IF(S75<5.7,"normal",IF(S75<6.5,"Prediabetes",IF(S75>6.5,"diabetes"))) -> normal | X75: 2002 | Y75: Jul | Z75: 1 | AA75: =CONCATENATE(Z75," ",Y75," ", X75) -> 1 Jul 2002 | AD75: =CONCATENATE(Z75," ",Y75," ",X75) -> 1 Jul 2002 | AE75: =DATEDIF(AD75,TODAY(),"y") -> 24 | AH75: 1241
B76: Rangel, Mr. Elenilton V. Sr. | C76: Rangel | D76: Mr | E76: Elenilton V | F76: Sr | H76: 2 | K76: No | L76: yes | O76: 32.3 | P76: =IF(O76<18.5,"Underweight",IF(O76<25,"Normal Weight",IF(O76<30,"Overweight","Obesity"))) -> Obesity | S76: 4.76 | T76: =IF(S76<5.7,"normal",IF(S76<6.5,"Prediabetes",IF(S76>6.5,"diabetes"))) -> normal | X76: 2003 | Y76: Aug | Z76: 2 | AA76: =CONCATENATE(Z76," ",Y76," ", X76) -> 2 Aug 2003 | AD76: =CONCATENATE(Z76," ",Y76," ",X76) -> 2 Aug 2003 | AE76: =DATEDIF(AD76,TODAY(),"y") -> 23 | AH76: 1241.57
B77: Lacey, Ms. Maurya | C77: Lacey | D77: Ms | E77: Maurya | H77: 2 | K77: No | L77: yes | O77: 48.8 | P77: =IF(O77<18.5,"Underweight",IF(O77<25,"Normal Weight",IF(O77<30,"Overweight","Obesity"))) -> Obesity | S77: 6.22 | T77: =IF(S77<5.7,"normal",IF(S77<6.5,"Prediabetes",IF(S77>6.5,"diabetes"))) -> Prediabetes | X77: 2003 | Y77: Sep | Z77: 15 | AA77: =CONCATENATE(Z77," ",Y77," ", X77) -> 15 Sep 2003 | AD77: =CONCATENATE(Z77," ",Y77," ",X77) -> 15 Sep 2003 | AE77: =DATEDIF(AD77,TODAY(),"y") -> 23 | AH77: 1242.26
B78: Stiger, Ms. Samantha C | C78: Stiger | D78: Ms | E78: Samantha C | H78: 0 | K78: No | L78: yes | O78: 45.5 | P78: =IF(O78<18.5,"Underweight",IF(O78<25,"Normal Weight",IF(O78<30,"Overweight","Obesity"))) -> Obesity | S78: 7.96 | T78: =IF(S78<5.7,"normal",IF(S78<6.5,"Prediabetes",IF(S78>6.5,"diabetes"))) -> diabetes | X78: 2003 | Y78: Sep | Z78: 8 | AA78: =CONCATENATE(Z78," ",Y78," ", X78) -> 8 Sep 2003 | AD78: =CONCATENATE(Z78," ",Y78," ",X78) -> 8 Sep 2003 | AE78: =DATEDIF(AD78,TODAY(),"y") -> 23 | AH78: 1242.82
B79: Caldwell, Ms. Bethany A | C79: Caldwell | D79: Ms | E79: Bethany A | H79: 1 | K79: No | L79: yes | O79: 53.61 | P79: =IF(O79<18.5,"Underweight",IF(O79<25,"Normal Weight",IF(O79<30,"Overweight","Obesity"))) -> Obesity | S79: 10.92 | T79: =IF(S79<5.7,"normal",IF(S79<6.5,"Prediabetes",IF(S79>6.5,"diabetes"))) -> diabetes | X79: 2003 | Y79: Sep | Z79: 15 | AA79: =CONCATENATE(Z79," ",Y79," ", X79) -> 15 Sep 2003 | AD79: =CONCATENATE(Z79," ",Y79," ",X79) -> 15 Sep 2003 | AE79: =DATEDIF(AD79,TODAY(),"y") -> 23 | AH79: 1252.41
B80: Marmillod, Mr. Yves | C80: Marmillod | D80: Mr | E80: Yves | H80: 1 | K80: No | L80: yes | O80: 36.19 | P80: =IF(O80<18.5,"Underweight",IF(O80<25,"Normal Weight",IF(O80<30,"Overweight","Obesity"))) -> Obesity | S80: 11.51 | T80: =IF(S80<5.7,"normal",IF(S80<6.5,"Prediabetes",IF(S80>6.5,"diabetes"))) -> diabetes | X80: 1997 | Y80: Nov | Z80: 4 | AA80: =CONCATENATE(Z80," ",Y80," ", X80) -> 4 Nov 1997 | AD80: =CONCATENATE(Z80," ",Y80," ",X80) -> 4 Nov 1997 | AE80: =DATEDIF(AD80,TODAY(),"y") -> 28 | AH80: 1253
B81: Cloutier-Simons, Ms. Danielle | C81: Cloutier-Simons | D81: Ms | E81: Danielle | H81: 0 | K81: No | L81: yes | O81: 34.6 | P81: =IF(O81<18.5,"Underweight",IF(O81<25,"Normal Weight",IF(O81<30,"Overweight","Obesity"))) -> Obesity | S81: 5.99 | T81: =IF(S81<5.7,"normal",IF(S81<6.5,"Prediabetes",IF(S81>6.5,"diabetes"))) -> Prediabetes | X81: 2003 | Y81: Dec | Z81: 10 | AA81: =CONCATENATE(Z81," ",Y81," ", X81) -> 10 Dec 2003 | AD81: =CONCATENATE(Z81," ",Y81," ",X81) -> 10 Dec 2003 | AE81: =DATEDIF(AD81,TODAY(),"y") -> 22 | AH81: 1253.94
B82: Vegas, Ms. Julia | C82: Vegas | D82: Ms | E82: Julia | H82: 0 | K82: No | L82: yes | O82: 54.12 | P82: =IF(O82<18.5,"Underweight",IF(O82<25,"Normal Weight",IF(O82<30,"Overweight","Obesity"))) -> Obesity | S82: 11.57 | T82: =IF(S82<5.7,"normal",IF(S82<6.5,"Prediabetes",IF(S82>6.5,"diabetes"))) -> diabetes | X82: 2003 | Y82: Oct | Z82: 13 | AA82: =CONCATENATE(Z82," ",Y82," ", X82) -> 13 Oct 2003 | AD82: =CONCATENATE(Z82," ",Y82," ",X82) -> 13 Oct 2003 | AE82: =DATEDIF(AD82,TODAY(),"y") -> 23 | AH82: 1256.3
B83: Cochran, Mr. Joshua | C83: Cochran | D83: Mr | E83: Joshua | H83: 0 | K83: No | L83: yes | O83: 48.82 | P83: =IF(O83<18.5,"Underweight",IF(O83<25,"Normal Weight",IF(O83<30,"Overweight","Obesity"))) -> Obesity | S83: 6.67 | T83: =IF(S83<5.7,"normal",IF(S83<6.5,"Prediabetes",IF(S83>6.5,"diabetes"))) -> diabetes | X83: 2003 | Y83: Oct | Z83: 30 | AA83: =CONCATENATE(Z83," ",Y83," ", X83) -> 30 Oct 2003 | AD83: =CONCATENATE(Z83," ",Y83," ",X83) -> 30 Oct 2003 | AE83: =DATEDIF(AD83,TODAY(),"y") -> 22 | AH83: 1261.44
B84: Holtzapple, Ms. Jennifer | C84: Holtzapple | D84: Ms | E84: Jennifer | H84: 0 | K84: No | L84: yes | O84: 51.01 | P84: =IF(O84<18.5,"Underweight",IF(O84<25,"Normal Weight",IF(O84<30,"Overweight","Obesity"))) -> Obesity | S84: 9.2 | T84: =IF(S84<5.7,"normal",IF(S84<6.5,"Prediabetes",IF(S84>6.5,"diabetes"))) -> diabetes | X84: 2003 | Y84: Aug | Z84: 15 | AA84: =CONCATENATE(Z84," ",Y84," ", X84) -> 15 Aug 2003 | AD84: =CONCATENATE(Z84," ",Y84," ",X84) -> 15 Aug 2003 | AE84: =DATEDIF(AD84,TODAY(),"y") -> 23 | AH84: 1261.86
B85: Meyer, Ms. Gwen M. | C85: Meyer | D85: Ms | E85: Gwen M | H85: 1 | K85: No | L85: yes | O85: 45.65 | P85: =IF(O85<18.5,"Underweight",IF(O85<25,"Normal Weight",IF(O85<30,"Overweight","Obesity"))) -> Obesity | S85: 5.11 | T85: =IF(S85<5.7,"normal",IF(S85<6.5,"Prediabetes",IF(S85>6.5,"diabetes"))) -> normal | X85: 2003 | Y85: Nov | Z85: 21 | AA85: =CONCATENATE(Z85," ",Y85," ", X85) -> 21 Nov 2003 | AD85: =CONCATENATE(Z85," ",Y85," ",X85) -> 21 Nov 2003 | AE85: =DATEDIF(AD85,TODAY(),"y") -> 22 | AH85: 1263.25
B86: Brickley, Mr. Patrick | C86: Brickley | D86: Mr | E86: Patrick | H86: 0 | K86: No | L86: yes | O86: 52.9 | P86: =IF(O86<18.5,"Underweight",IF(O86<25,"Normal Weight",IF(O86<30,"Overweight","Obesity"))) -> Obesity | S86: 5.34 | T86: =IF(S86<5.7,"normal",IF(S86<6.5,"Prediabetes",IF(S86>6.5,"diabetes"))) -> normal | X86: 2002 | Y86: Dec | Z86: 4 | AA86: =CONCATENATE(Z86," ",Y86," ", X86) -> 4 Dec 2002 | AD86: =CONCATENATE(Z86," ",Y86," ",X86) -> 4 Dec 2002 | AE86: =DATEDIF(AD86,TODAY(),"y") -> 23 | AH86: 1267
B87: Magee, Ms. Kate | C87: Magee | D87: Ms | E87: Kate | H87: 1 | K87: No | L87: yes | O87: 45.41 | P87: =IF(O87<18.5,"Underweight",IF(O87<25,"Normal Weight",IF(O87<30,"Overweight","Obesity"))) -> Obesity | S87: 4.03 | T87: =IF(S87<5.7,"normal",IF(S87<6.5,"Prediabetes",IF(S87>6.5,"diabetes"))) -> normal | X87: 1997 | Y87: Oct | Z87: 26 | AA87: =CONCATENATE(Z87," ",Y87," ", X87) -> 26 Oct 1997 | AD87: =CONCATENATE(Z87," ",Y87," ",X87) -> 26 Oct 1997 | AE87: =DATEDIF(AD87,TODAY(),"y") -> 28 | AH87: 1276
B88: Thoma, Mr. Kevin | C88: Thoma | D88: Mr | E88: Kevin | H88: 1 | K88: No | L88: yes | O88: 49.41 | P88: =IF(O88<18.5,"Underweight",IF(O88<25,"Normal Weight",IF(O88<30,"Overweight","Obesity"))) -> Obesity | S88: 4.23 | T88: =IF(S88<5.7,"normal",IF(S88<6.5,"Prediabetes",IF(S88>6.5,"diabetes"))) -> normal | X88: 2004 | Y88: Sep | Z88: 30 | AA88: =CONCATENATE(Z88," ",Y88," ", X88) -> 30 Sep 2004 | AD88: =CONCATENATE(Z88," ",Y88," ",X88) -> 30 Sep 2004 | AE88: =DATEDIF(AD88,TODAY(),"y") -> 22 | AH88: 1283
... B191: Dublin, Mr. Andrew P | C191: Dublin | D191: Mr | E191: Andrew P | H191: 1 | K191: No | L191: No | O191: 53.21 | P191: =IF(O191<18.5,"Underweight",IF(O191<25,"Normal Weight",IF(O191<30,"Overweight","Obesity"))) -> Obesity | S191: 4.27 | T191: =IF(S191<5.7,"normal",IF(S191<6.5,"Prediabetes",IF(S191>6.5,"diabetes"))) -> normal | X191: 1998 | Y191: Oct | Z191: 5 | AA191: =CONCATENATE(Z191," ",Y191," ", X191) -> 5 Oct 1998 | AD191: =CONCATENATE(Z191," ",Y191," ",X191) -> 5 Oct 1998 | AE191: =DATEDIF(AD191,TODAY(),"y") -> 28 | AH191: 1972.95
B192: Cleland, Mr. George M. V | C192: Cleland | D192: Mr | E192: George M | F192: V | H192: 2 | K192: No | L192: yes | O192: 38.73 | P192: =IF(O192<18.5,"Underweight",IF(O192<25,"Normal Weight",IF(O192<30,"Overweight","Obesity"))) -> Obesity | S192: 11.51 | T192: =IF(S192<5.7,"normal",IF(S192<6.5,"Prediabetes",IF(S192>6.5,"diabetes"))) -> diabetes | X192: 1998 | Y192: Sep | Z192: 29 | AA192: =CONCATENATE(Z192," ",Y192," ", X192) -> 29 Sep 1998 | AD192: =CONCATENATE(Z192," ",Y192," ",X192) -> 29 Sep 1998 | AE192: =DATEDIF(AD192,TODAY(),"y") -> 28 | AH192: 1977.82
B193: Evans, Ms. Sarah | C193: Evans | D193: Ms | E193: Sarah | H193: 0 | K193: No | L193: yes | O193: 29.73 | P193: =IF(O193<18.5,"Underweight",IF(O193<25,"Normal Weight",IF(O193<30,"Overweight","Obesity"))) -> Overweight | S193: 7.22 | T193: =IF(S193<5.7,"normal",IF(S193<6.5,"Prediabetes",IF(S193>6.5,"diabetes"))) -> diabetes | X193: 2002 | Y193: Jul | Z193: 16 | AA193: =CONCATENATE(Z193," ",Y193," ", X193) -> 16 Jul 2002 | AD193: =CONCATENATE(Z193," ",Y193," ",X193) -> 16 Jul 2002 | AE193: =DATEDIF(AD193,TODAY(),"y") -> 24 | AH193: 1980.07
B194: Boyd, Ms. Lara | C194: Boyd | D194: Ms | E194: Lara | H194: 1 | K194: No | L194: yes | O194: 34.7 | P194: =IF(O194<18.5,"Underweight",IF(O194<25,"Normal Weight",IF(O194<30,"Overweight","Obesity"))) -> Obesity | S194: 4.37 | T194: =IF(S194<5.7,"normal",IF(S194<6.5,"Prediabetes",IF(S194>6.5,"diabetes"))) -> normal | X194: 1998 | Y194: Dec | Z194: 29 | AA194: =CONCATENATE(Z194," ",Y194," ", X194) -> 29 Dec 1998 | AD194: =CONCATENATE(Z194," ",Y194," ",X194) -> 29 Dec 1998 | AE194: =DATEDIF(AD194,TODAY(),"y") -> 27 | AH194: 1981.58
B195: Roulier, Mr. Sebastien | C195: Roulier | D195: Mr | E195: Sebastien | H195: 1 | K195: No | L195: yes | O195: 38.28 | P195: =IF(O195<18.5,"Underweight",IF(O195<25,"Normal Weight",IF(O195<30,"Overweight","Obesity"))) -> Obesity | S195: 11.56 | T195: =IF(S195<5.7,"normal",IF(S195<6.5,"Prediabetes",IF(S195>6.5,"diabetes"))) -> diabetes | X195: 2002 | Y195: Sep | Z195: 29 | AA195: =CONCATENATE(Z195," ",Y195," ", X195) -> 29 Sep 2002 | AD195: =CONCATENATE(Z195," ",Y195," ",X195) -> 29 Sep 2002 | AE195: =DATEDIF(AD195,TODAY(),"y") -> 24 | AH195: 1984.45
B196: Mullins, Mr. Padraig | C196: Mullins | D196: Mr | E196: Padraig | H196: 0 | K196: No | L196: yes | O196: 33.57 | P196: =IF(O196<18.5,"Underweight",IF(O196<25,"Normal Weight",IF(O196<30,"Overweight","Obesity"))) -> Obesity | S196: 8.82 | T196: =IF(S196<5.7,"normal",IF(S196<6.5,"Prediabetes",IF(S196>6.5,"diabetes"))) -> diabetes | X196: 1998 | Y196: Sep | Z196: 14 | AA196: =CONCATENATE(Z196," ",Y196," ", X196) -> 14 Sep 1998 | AD196: =CONCATENATE(Z196," ",Y196," ",X196) -> 14 Sep 1998 | AE196: =DATEDIF(AD196,TODAY(),"y") -> 28 | AH196: 1986.93
B197: Hofmann, Ms. Heather | C197: Hofmann | D197: Ms | E197: Heather | H197: 1 | K197: No | L197: yes | O197: 52.06 | P197: =IF(O197<18.5,"Underweight",IF(O197<25,"Normal Weight",IF(O197<30,"Overweight","Obesity"))) -> Obesity | S197: 4.69 | T197: =IF(S197<5.7,"normal",IF(S197<6.5,"Prediabetes",IF(S197>6.5,"diabetes"))) -> normal | X197: 2001 | Y197: Aug | Z197: 14 | AA197: =CONCATENATE(Z197," ",Y197," ", X197) -> 14 Aug 2001 | AD197: =CONCATENATE(Z197," ",Y197," ",X197) -> 14 Aug 2001 | AE197: =DATEDIF(AD197,TODAY(),"y") -> 25 | AH197: 2007.95
B198: Garcia Garcia, Mr. Jorge | C198: Garcia Garcia | D198: Mr | E198: Jorge | H198: 1 | K198: No | L198: yes | O198: 38.17 | P198: =IF(O198<18.5,"Underweight",IF(O198<25,"Normal Weight",IF(O198<30,"Overweight","Obesity"))) -> Obesity | S198: 4.53 | T198: =IF(S198<5.7,"normal",IF(S198<6.5,"Prediabetes",IF(S198>6.5,"diabetes"))) -> normal | X198: 2001 | Y198: Jul | Z198: 1 | AA198: =CONCATENATE(Z198," ",Y198," ", X198) -> 1 Jul 2001 | AD198: =CONCATENATE(Z198," ",Y198," ",X198) -> 1 Jul 2001 | AE198: =DATEDIF(AD198,TODAY(),"y") -> 25 | AH198: 2020.18
B199: Klecker, Mr. Jack R | C199: Klecker | D199: Mr | E199: Jack R | H199: 1 | K199: No | L199: yes | O199: 36.955 | P199: =IF(O199<18.5,"Underweight",IF(O199<25,"Normal Weight",IF(O199<30,"Overweight","Obesity"))) -> Obesity | S199: 5.84 | T199: =IF(S199<5.7,"normal",IF(S199<6.5,"Prediabetes",IF(S199>6.5,"diabetes"))) -> Prediabetes | X199: 2001 | Y199: Sep | Z199: 6 | AA199: =CONCATENATE(Z199," ",Y199," ", X199) -> 6 Sep 2001 | AD199: =CONCATENATE(Z199," ",Y199," ",X199) -> 6 Sep 2001 | AE199: =DATEDIF(AD199,TODAY(),"y") -> 25 | AH199: 2020.55
B200: Cancre, Mr. Felix | C200: Cancre | D200: Mr | E200: Felix | H200: 1 | K200: No | L200: yes | O200: 34.4 | P200: =IF(O200<18.5,"Underweight",IF(O200<25,"Normal Weight",IF(O200<30,"Overweight","Obesity"))) -> Obesity | S200: 4.9 | T200: =IF(S200<5.7,"normal",IF(S200<6.5,"Prediabetes",IF(S200>6.5,"diabetes"))) -> normal | X200: 2001 | Y200: Aug | Z200: 4 | AA200: =CONCATENATE(Z200," ",Y200," ", X200) -> 4 Aug 2001 | AD200: =CONCATENATE(Z200," ",Y200," ",X200) -> 4 Aug 2001 | AE200: =DATEDIF(AD200,TODAY(),"y") -> 25 | AH200: 2026.97
B201: Denucci, Mr. Christopher C | C201: Denucci | D201: Mr | E201: Christopher C | H201: 0 | K201: No | L201: yes | O201: 31.73 | P201: =IF(O201<18.5,"Underweight",IF(O201<25,"Normal Weight",IF(O201<30,"Overweight","Obesity"))) -> Obesity | S201: 4.3 | T201: =IF(S201<5.7,"normal",IF(S201<6.5,"Prediabetes",IF(S201>6.5,"diabetes"))) -> normal | X201: 2000 | Y201: Sep | Z201: 2 | AA201: =CONCATENATE(Z201," ",Y201," ", X201) -> 2 Sep 2000 | AD201: =CONCATENATE(Z201," ",Y201," ",X201) -> 2 Sep 2000 | AE201: =DATEDIF(AD201,TODAY(),"y") -> 26 | AH201: 2045.69
B202: Saldana, Mr. Jesse | C202: Saldana | D202: Mr | E202: Jesse | H202: 0 | K202: No | L202: yes | O202: 36.64 | P202: =IF(O202<18.5,"Underweight",IF(O202<25,"Normal Weight",IF(O202<30,"Overweight","Obesity"))) -> Obesity | S202: 11.34 | T202: =IF(S202<5.7,"normal",IF(S202<6.5,"Prediabetes",IF(S202>6.5,"diabetes"))) -> diabetes | X202: 2000 | Y202: Jul | Z202: 26 | AA202: =CONCATENATE(Z202," ",Y202," ", X202) -> 26 Jul 2000 | AD202: =CONCATENATE(Z202," ",Y202," ",X202) -> 26 Jul 2000 | AE202: =DATEDIF(AD202,TODAY(),"y") -> 26 | AH202: 2055.32
B203: Weinberg, Ms. Jill | C203: Weinberg | D203: Ms | E203: Jill | H203: 1 | K203: No | L203: yes | O203: 36.85 | P203: =IF(O203<18.5,"Underweight",IF(O203<25,"Normal Weight",IF(O203<30,"Overweight","Obesity"))) -> Obesity | S203: 5.88 | T203: =IF(S203<5.7,"normal",IF(S203<6.5,"Prediabetes",IF(S203>6.5,"diabetes"))) -> Prediabetes | X203: 2004 | Y203: Jun | Z203: 12 | AA203: =CONCATENATE(Z203," ",Y203," ", X203) -> 12 Jun 2004 | AD203: =CONCATENATE(Z203," ",Y203," ",X203) -> 12 Jun 2004 | AE203: =DATEDIF(AD203,TODAY(),"y") -> 22 | AH203: 2094.1
B204: Walsh, Mr. William | C204: Walsh | D204: Mr | E204: William | H204: 1 | K204: No | L204: yes | O204: 33.33 | P204: =IF(O204<18.5,"Underweight",IF(O204<25,"Normal Weight",IF(O204<30,"Overweight","Obesity"))) -> Obesity | S204: 5.01 | T204: =IF(S204<5.7,"normal",IF(S204<6.5,"Prediabetes",IF(S204>6.5,"diabetes"))) -> normal | X204: 2001 | Y204: Aug | Z204: 14 | AA204: =CONCATENATE(Z204," ",Y204," ", X204) -> 14 Aug 2001 | AD204: =CONCATENATE(Z204," ",Y204," ",X204) -> 14 Aug 2001 | AE204: =DATEDIF(AD204,TODAY(),"y") -> 25 | AH204: 2102.26
... B479: Narang, Mr. Jatin | C479: Narang | D479: Mr | E479: Jatin | H479: 1 | K479: No | L479: yes | O479: 28.3 | P479: =IF(O479<18.5,"Underweight",IF(O479<25,"Normal Weight",IF(O479<30,"Overweight","Obesity"))) -> Overweight | S479: 5.47 | T479: =IF(S479<5.7,"normal",IF(S479<6.5,"Prediabetes",IF(S479>6.5,"diabetes"))) -> normal | X479: 1991 | Y479: Jun | Z479: 1 | AA479: =CONCATENATE(Z479," ",Y479," ", X479) -> 1 Jun 1991 | AD479: =CONCATENATE(Z479," ",Y479," ",X479) -> 1 Jun 1991 | AE479: =DATEDIF(AD479,TODAY(),"y") -> 35 | AH479: 4347.02
B480: Royston, Mr. J P. II | C480: Royston | D480: Mr | E480: J P | F480: II | H480: 1 | K480: No | L480: yes | O480: 54.3 | P480: =IF(O480<18.5,"Underweight",IF(O480<25,"Normal Weight",IF(O480<30,"Overweight","Obesity"))) -> Obesity | S480: 4.15 | T480: =IF(S480<5.7,"normal",IF(S480<6.5,"Prediabetes",IF(S480>6.5,"diabetes"))) -> normal | X480: 1994 | Y480: Nov | Z480: 1 | AA480: =CONCATENATE(Z480," ",Y480," ", X480) -> 1 Nov 1994 | AD480: =CONCATENATE(Z480," ",Y480," ",X480) -> 1 Nov 1994 | AE480: =DATEDIF(AD480,TODAY(),"y") -> 31 | AH480: 4349.46
B481: Tieri, Ms. Angela M. | C481: Tieri | D481: Ms | E481: Angela M | H481: 1 | K481: No | L481: No | O481: 33.345 | P481: =IF(O481<18.5,"Underweight",IF(O481<25,"Normal Weight",IF(O481<30,"Overweight","Obesity"))) -> Obesity | S481: 11.32 | T481: =IF(S481<5.7,"normal",IF(S481<6.5,"Prediabetes",IF(S481>6.5,"diabetes"))) -> diabetes | X481: 1991 | Y481: Sep | Z481: 13 | AA481: =CONCATENATE(Z481," ",Y481," ", X481) -> 13 Sep 1991 | AD481: =CONCATENATE(Z481," ",Y481," ",X481) -> 13 Sep 1991 | AE481: =DATEDIF(AD481,TODAY(),"y") -> 35 | AH481: 4350.51
B482: Whitney, Mr. Blake K. | C482: Whitney | D482: Mr | E482: Blake K | H482: 0 | K482: No | L482: No | O482: 33 | P482: =IF(O482<18.5,"Underweight",IF(O482<25,"Normal Weight",IF(O482<30,"Overweight","Obesity"))) -> Obesity | S482: 9.51 | T482: =IF(S482<5.7,"normal",IF(S482<6.5,"Prediabetes",IF(S482>6.5,"diabetes"))) -> diabetes | X482: 1990 | Y482: Aug | Z482: 28 | AA482: =CONCATENATE(Z482," ",Y482," ", X482) -> 28 Aug 1990 | AD482: =CONCATENATE(Z482," ",Y482," ",X482) -> 28 Aug 1990 | AE482: =DATEDIF(AD482,TODAY(),"y") -> 36 | AH482: 4357.04
B483: Wandzilak, Mr. Brian T. | C483: Wandzilak | D483: Mr | E483: Brian T | H483: 1 | K483: No | L483: No | O483: 28.025 | P483: =IF(O483<18.5,"Underweight",IF(O483<25,"Normal Weight",IF(O483<30,"Overweight","Obesity"))) -> Overweight | S483: 7.67 | T483: =IF(S483<5.7,"normal",IF(S483<6.5,"Prediabetes",IF(S483>6.5,"diabetes"))) -> diabetes | X483: 1997 | Y483: Nov | Z483: 29 | AA483: =CONCATENATE(Z483," ",Y483," ", X483) -> 29 Nov 1997 | AD483: =CONCATENATE(Z483," ",Y483," ",X483) -> 29 Nov 1997 | AE483: =DATEDIF(AD483,TODAY(),"y") -> 28 | AH483: 4391.65
B484: Valenzona, Mr. Damon | C484: Valenzona | D484: Mr | E484: Damon | H484: 1 | K484: No | L484: yes | O484: 28.69 | P484: =IF(O484<18.5,"Underweight",IF(O484<25,"Normal Weight",IF(O484<30,"Overweight","Obesity"))) -> Overweight | S484: 6.23 | T484: =IF(S484<5.7,"normal",IF(S484<6.5,"Prediabetes",IF(S484>6.5,"diabetes"))) -> Prediabetes | X484: 1982 | Y484: Jun | Z484: 29 | AA484: =CONCATENATE(Z484," ",Y484," ", X484) -> 29 Jun 1982 | AD484: =CONCATENATE(Z484," ",Y484," ",X484) -> 29 Jun 1982 | AE484: =DATEDIF(AD484,TODAY(),"y") -> 44 | AH484: 4392.7
B485: Young, Mr. Jeffrey | C485: Young | D485: Mr | E485: Jeffrey | H485: 0 | K485: No | L485: yes | O485: 40.28 | P485: =IF(O485<18.5,"Underweight",IF(O485<25,"Normal Weight",IF(O485<30,"Overweight","Obesity"))) -> Obesity | S485: 8.9 | T485: =IF(S485<5.7,"normal",IF(S485<6.5,"Prediabetes",IF(S485>6.5,"diabetes"))) -> diabetes | X485: 1988 | Y485: Jul | Z485: 18 | AA485: =CONCATENATE(Z485," ",Y485," ", X485) -> 18 Jul 1988 | AD485: =CONCATENATE(Z485," ",Y485," ",X485) -> 18 Jul 1988 | AE485: =DATEDIF(AD485,TODAY(),"y") -> 38 | AH485: 4397.31
B486: Richards, Mr. Malcolm J. | C486: Richards | D486: Mr | E486: Malcolm J | H486: 0 | K486: No | L486: No | O486: 37.3 | P486: =IF(O486<18.5,"Underweight",IF(O486<25,"Normal Weight",IF(O486<30,"Overweight","Obesity"))) -> Obesity | S486: 7.79 | T486: =IF(S486<5.7,"normal",IF(S486<6.5,"Prediabetes",IF(S486>6.5,"diabetes"))) -> diabetes | X486: 1986 | Y486: Aug | Z486: 11 | AA486: =CONCATENATE(Z486," ",Y486," ", X486) -> 11 Aug 1986 | AD486: =CONCATENATE(Z486," ",Y486," ",X486) -> 11 Aug 1986 | AE486: =DATEDIF(AD486,TODAY(),"y") -> 40 | AH486: 4399.73
B487: Alexson, Ms. Margaret B. | C487: Alexson | D487: Ms | E487: Margaret B | H487: 2 | K487: No | L487: No | O487: 54.47 | P487: =IF(O487<18.5,"Underweight",IF(O487<25,"Normal Weight",IF(O487<30,"Overweight","Obesity"))) -> Obesity | S487: 4.49 | T487: =IF(S487<5.7,"normal",IF(S487<6.5,"Prediabetes",IF(S487>6.5,"diabetes"))) -> normal | X487: 1986 | Y487: Jul | Z487: 13 | AA487: =CONCATENATE(Z487," ",Y487," ", X487) -> 13 Jul 1986 | AD487: =CONCATENATE(Z487," ",Y487," ",X487) -> 13 Jul 1986 | AE487: =DATEDIF(AD487,TODAY(),"y") -> 40 | AH487: 4402.23
B488: Wright, Ms. Helen | C488: Wright | D488: Ms | E488: Helen | H488: 1 | K488: No | L488: No | O488: 38.06 | P488: =IF(O488<18.5,"Underweight",IF(O488<25,"Normal Weight",IF(O488<30,"Overweight","Obesity"))) -> Obesity | S488: 5.24 | T488: =IF(S488<5.7,"normal",IF(S488<6.5,"Prediabetes",IF(S488>6.5,"diabetes"))) -> normal | X488: 1988 | Y488: Sep | Z488: 16 | AA488: =CONCATENATE(Z488," ",Y488," ", X488) -> 16 Sep 1988 | AD488: =CONCATENATE(Z488," ",Y488," ",X488) -> 16 Sep 1988 | AE488: =DATEDIF(AD488,TODAY(),"y") -> 38 | AH488: 4415.16
B489: McKenna, Mr. Matthew | C489: McKenna | D489: Mr | E489: Matthew | H489: 0 | K489: No | L489: No | O489: 51.47 | P489: =IF(O489<18.5,"Underweight",IF(O489<25,"Normal Weight",IF(O489<30,"Overweight","Obesity"))) -> Obesity | S489: 9.6 | T489: =IF(S489<5.7,"normal",IF(S489<6.5,"Prediabetes",IF(S489>6.5,"diabetes"))) -> diabetes | X489: 1992 | Y489: Aug | Z489: 15 | AA489: =CONCATENATE(Z489," ",Y489," ", X489) -> 15 Aug 1992 | AD489: =CONCATENATE(Z489," ",Y489," ",X489) -> 15 Aug 1992 | AE489: =DATEDIF(AD489,TODAY(),"y") -> 34 | AH489: 4420.95
B490: Sallade, Mr. Jeff | C490: Sallade | D490: Mr | E490: Jeff | H490: 0 | K490: No | L490: No | O490: 29.8 | P490: =IF(O490<18.5,"Underweight",IF(O490<25,"Normal Weight",IF(O490<30,"Overweight","Obesity"))) -> Overweight | S490: 5.78 | T490: =IF(S490<5.7,"normal",IF(S490<6.5,"Prediabetes",IF(S490>6.5,"diabetes"))) -> Prediabetes | X490: 1994 | Y490: Dec | Z490: 29 | AA490: =CONCATENATE(Z490," ",Y490," ", X490) -> 29 Dec 1994 | AD490: =CONCATENATE(Z490," ",Y490," ",X490) -> 29 Dec 1994 | AE490: =DATEDIF(AD490,TODAY(),"y") -> 31 | AH490: 4428.89
B491: Argall, Mrs. Tara R | C491: Argall | D491: Mrs | E491: Tara R | H491: 0 | K491: No | L491: No | O491: 49.77 | P491: =IF(O491<18.5,"Underweight",IF(O491<25,"Normal Weight",IF(O491<30,"Overweight","Obesity"))) -> Obesity | S491: 7.02 | T491: =IF(S491<5.7,"normal",IF(S491<6.5,"Prediabetes",IF(S491>6.5,"diabetes"))) -> diabetes | X491: 1993 | Y491: Sep | Z491: 4 | AA491: =CONCATENATE(Z491," ",Y491," ", X491) -> 4 Sep 1993 | AD491: =CONCATENATE(Z491," ",Y491," ",X491) -> 4 Sep 1993 | AE491: =DATEDIF(AD491,TODAY(),"y") -> 33 | AH491: 4433.39
B492: Patchell, Ms. Kristin | C492: Patchell | D492: Ms | E492: Kristin | H492: 0 | K492: No | L492: No | O492: 25.555 | P492: =IF(O492<18.5,"Underweight",IF(O492<25,"Normal Weight",IF(O492<30,"Overweight","Obesity"))) -> Overweight | S492: 4.09 | T492: =IF(S492<5.7,"normal",IF(S492<6.5,"Prediabetes",IF(S492>6.5,"diabetes"))) -> normal | X492: 1993 | Y492: Dec | Z492: 23 | AA492: =CONCATENATE(Z492," ",Y492," ", X492) -> 23 Dec 1993 | AD492: =CONCATENATE(Z492," ",Y492," ",X492) -> 23 Dec 1993 | AE492: =DATEDIF(AD492,TODAY(),"y") -> 32 | AH492: 4433.92
... B728: Nemec, Mrs. Lisa | C728: Nemec | D728: Mrs | E728: Lisa | H728: 1 | K728: No | L728: No | O728: 27.72 | P728: =IF(O728<18.5,"Underweight",IF(O728<25,"Normal Weight",IF(O728<30,"Overweight","Obesity"))) -> Overweight | S728: 8.16 | T728: =IF(S728<5.7,"normal",IF(S728<6.5,"Prediabetes",IF(S728>6.5,"diabetes"))) -> diabetes | X728: 1984 | Y728: Oct | Z728: 6 | AA728: =CONCATENATE(Z728," ",Y728," ", X728) -> 6 Oct 1984 | AD728: =CONCATENATE(Z728," ",Y728," ",X728) -> 6 Oct 1984 | AE728: =DATEDIF(AD728,TODAY(),"y") -> 42 | AH728: 6170.96
B729: Appman, Mr. William D. Jr. | C729: Appman | D729: Mr | E729: William D | F729: Jr | H729: 2 | K729: No | L729: No | O729: 36.765 | P729: =IF(O729<18.5,"Underweight",IF(O729<25,"Normal Weight",IF(O729<30,"Overweight","Obesity"))) -> Obesity | S729: 4.48 | T729: =IF(S729<5.7,"normal",IF(S729<6.5,"Prediabetes",IF(S729>6.5,"diabetes"))) -> normal | X729: 1985 | Y729: Aug | Z729: 9 | AA729: =CONCATENATE(Z729," ",Y729," ", X729) -> 9 Aug 1985 | AD729: =CONCATENATE(Z729," ",Y729," ",X729) -> 9 Aug 1985 | AE729: =DATEDIF(AD729,TODAY(),"y") -> 41 | AH729: 6183.32
B730: Driscoll, Mr. James | C730: Driscoll | D730: Mr | E730: James | H730: 0 | K730: No | L730: No | O730: 48.36 | P730: =IF(O730<18.5,"Underweight",IF(O730<25,"Normal Weight",IF(O730<30,"Overweight","Obesity"))) -> Obesity | S730: 4.08 | T730: =IF(S730<5.7,"normal",IF(S730<6.5,"Prediabetes",IF(S730>6.5,"diabetes"))) -> normal | X730: 1970 | Y730: Oct | Z730: 5 | AA730: =CONCATENATE(Z730," ",Y730," ", X730) -> 5 Oct 1970 | AD730: =CONCATENATE(Z730," ",Y730," ",X730) -> 5 Oct 1970 | AE730: =DATEDIF(AD730,TODAY(),"y") -> 56 | AH730: 6183.46
B731: Glotzbach, Mr. John | C731: Glotzbach | D731: Mr | E731: John | H731: 2 | K731: No | L731: No | O731: 31.445 | P731: =IF(O731<18.5,"Underweight",IF(O731<25,"Normal Weight",IF(O731<30,"Overweight","Obesity"))) -> Obesity | S731: 4.4 | T731: =IF(S731<5.7,"normal",IF(S731<6.5,"Prediabetes",IF(S731>6.5,"diabetes"))) -> normal | X731: 1988 | Y731: Nov | Z731: 1 | AA731: =CONCATENATE(Z731," ",Y731," ", X731) -> 1 Nov 1988 | AD731: =CONCATENATE(Z731," ",Y731," ",X731) -> 1 Nov 1988 | AE731: =DATEDIF(AD731,TODAY(),"y") -> 37 | AH731: 6184.3
B732: Tenforde, Mr. Adam S | C732: Tenforde | D732: Mr | E732: Adam S | H732: 0 | K732: No | L732: No | O732: 27.55 | P732: =IF(O732<18.5,"Underweight",IF(O732<25,"Normal Weight",IF(O732<30,"Overweight","Obesity"))) -> Overweight | S732: 9.02 | T732: =IF(S732<5.7,"normal",IF(S732<6.5,"Prediabetes",IF(S732>6.5,"diabetes"))) -> diabetes | X732: 1981 | Y732: Nov | Z732: 22 | AA732: =CONCATENATE(Z732," ",Y732," ", X732) -> 22 Nov 1981 | AD732: =CONCATENATE(Z732," ",Y732," ",X732) -> 22 Nov 1981 | AE732: =DATEDIF(AD732,TODAY(),"y") -> 44 | AH732: 6185.32
B733: Ramirez, Mr. Armando | C733: Ramirez | D733: Mr | E733: Armando | H733: 0 | K733: No | L733: No | O733: 33.11 | P733: =IF(O733<18.5,"Underweight",IF(O733<25,"Normal Weight",IF(O733<30,"Overweight","Obesity"))) -> Obesity | S733: 8.06 | T733: =IF(S733<5.7,"normal",IF(S733<6.5,"Prediabetes",IF(S733>6.5,"diabetes"))) -> diabetes | X733: 1981 | Y733: Oct | Z733: 1 | AA733: =CONCATENATE(Z733," ",Y733," ", X733) -> 1 Oct 1981 | AD733: =CONCATENATE(Z733," ",Y733," ",X733) -> 1 Oct 1981 | AE733: =DATEDIF(AD733,TODAY(),"y") -> 45 | AH733: 6186.13
B734: Stanley Torres, Ms. Dana | C734: Stanley Torres | D734: Ms | E734: Dana | H734: 2 | K734: No | L734: No | O734: 36.85 | P734: =IF(O734<18.5,"Underweight",IF(O734<25,"Normal Weight",IF(O734<30,"Overweight","Obesity"))) -> Obesity | S734: 6.21 | T734: =IF(S734<5.7,"normal",IF(S734<6.5,"Prediabetes",IF(S734>6.5,"diabetes"))) -> Prediabetes | X734: 1988 | Y734: Oct | Z734: 23 | AA734: =CONCATENATE(Z734," ",Y734," ", X734) -> 23 Oct 1988 | AD734: =CONCATENATE(Z734," ",Y734," ",X734) -> 23 Oct 1988 | AE734: =DATEDIF(AD734,TODAY(),"y") -> 37 | AH734: 6196.45
B735: Vandongen, Ms. Jennifer L | C735: Vandongen | D735: Ms | E735: Jennifer L | H735: 2 | K735: No | L735: No | O735: 36.3 | P735: =IF(O735<18.5,"Underweight",IF(O735<25,"Normal Weight",IF(O735<30,"Overweight","Obesity"))) -> Obesity | S735: 5.79 | T735: =IF(S735<5.7,"normal",IF(S735<6.5,"Prediabetes",IF(S735>6.5,"diabetes"))) -> Prediabetes | X735: 1985 | Y735: Jul | Z735: 22 | AA735: =CONCATENATE(Z735," ",Y735," ", X735) -> 22 Jul 1985 | AD735: =CONCATENATE(Z735," ",Y735," ",X735) -> 22 Jul 1985 | AE735: =DATEDIF(AD735,TODAY(),"y") -> 41 | AH735: 6198.75
B736: Liebald, Mr. Benjamin | C736: Liebald | D736: Mr | E736: Benjamin | H736: 0 | K736: No | L736: No | O736: 45.34 | P736: =IF(O736<18.5,"Underweight",IF(O736<25,"Normal Weight",IF(O736<30,"Overweight","Obesity"))) -> Obesity | S736: 5.69 | T736: =IF(S736<5.7,"normal",IF(S736<6.5,"Prediabetes",IF(S736>6.5,"diabetes"))) -> normal | X736: 1985 | Y736: Dec | Z736: 20 | AA736: =CONCATENATE(Z736," ",Y736," ", X736) -> 20 Dec 1985 | AD736: =CONCATENATE(Z736," ",Y736," ",X736) -> 20 Dec 1985 | AE736: =DATEDIF(AD736,TODAY(),"y") -> 40 | AH736: 6203.9
B737: Holte, Ms. Tanya | C737: Holte | D737: Ms | E737: Tanya | H737: 2 | K737: No | L737: No | O737: 31.8 | P737: =IF(O737<18.5,"Underweight",IF(O737<25,"Normal Weight",IF(O737<30,"Overweight","Obesity"))) -> Obesity | S737: 5.36 | T737: =IF(S737<5.7,"normal",IF(S737<6.5,"Prediabetes",IF(S737>6.5,"diabetes"))) -> normal | X737: 1985 | Y737: Sep | Z737: 22 | AA737: =CONCATENATE(Z737," ",Y737," ", X737) -> 22 Sep 1985 | AD737: =CONCATENATE(Z737," ",Y737," ",X737) -> 22 Sep 1985 | AE737: =DATEDIF(AD737,TODAY(),"y") -> 41 | AH737: 6203.9
B738: Johnson, Ms. Tracy | C738: Johnson | D738: Ms | E738: Tracy | H738: 0 | K738: No | L738: No | O738: 41.02 | P738: =IF(O738<18.5,"Underweight",IF(O738<25,"Normal Weight",IF(O738<30,"Overweight","Obesity"))) -> Obesity | S738: 11.37 | T738: =IF(S738<5.7,"normal",IF(S738<6.5,"Prediabetes",IF(S738>6.5,"diabetes"))) -> diabetes | X738: 1999 | Y738: Sep | Z738: 10 | AA738: =CONCATENATE(Z738," ",Y738," ", X738) -> 10 Sep 1999 | AD738: =CONCATENATE(Z738," ",Y738," ",X738) -> 10 Sep 1999 | AE738: =DATEDIF(AD738,TODAY(),"y") -> 27 | AH738: 6207.26
B739: Bartlett, Ms. Emily S | C739: Bartlett | D739: Ms | E739: Emily S | H739: 0 | K739: No | L739: No | O739: 32.68 | P739: =IF(O739<18.5,"Underweight",IF(O739<25,"Normal Weight",IF(O739<30,"Overweight","Obesity"))) -> Obesity | S739: 11.87 | T739: =IF(S739<5.7,"normal",IF(S739<6.5,"Prediabetes",IF(S739>6.5,"diabetes"))) -> diabetes | X739: 1992 | Y739: Aug | Z739: 12 | AA739: =CONCATENATE(Z739," ",Y739," ", X739) -> 12 Aug 1992 | AD739: =CONCATENATE(Z739," ",Y739," ",X739) -> 12 Aug 1992 | AE739: =DATEDIF(AD739,TODAY(),"y") -> 34 | AH739: 6208.5
B740: Bergman, Ms. Kelly R | C740: Bergman | D740: Ms | E740: Kelly R | H740: 1 | K740: No | L740: No | O740: 21.7 | P740: =IF(O740<18.5,"Underweight",IF(O740<25,"Normal Weight",IF(O740<30,"Overweight","Obesity"))) -> Normal Weight | S740: 4.9 | T740: =IF(S740<5.7,"normal",IF(S740<6.5,"Prediabetes",IF(S740>6.5,"diabetes"))) -> normal | X740: 1972 | Y740: Jun | Z740: 29 | AA740: =CONCATENATE(Z740," ",Y740," ", X740) -> 29 Jun 1972 | AD740: =CONCATENATE(Z740," ",Y740," ",X740) -> 29 Jun 1972 | AE740: =DATEDIF(AD740,TODAY(),"y") -> 54 | AH740: 6219.93
B741: Aitken, Mr. Kyle | C741: Aitken | D741: Mr | E741: Kyle | H741: 3 | K741: No | L741: yes | O741: 40.48 | P741: =IF(O741<18.5,"Underweight",IF(O741<25,"Normal Weight",IF(O741<30,"Overweight","Obesity"))) -> Obesity | S741: 6.7 | T741: =IF(S741<5.7,"normal",IF(S741<6.5,"Prediabetes",IF(S741>6.5,"diabetes"))) -> diabetes | X741: 1978 | Y741: Sep | Z741: 19 | AA741: =CONCATENATE(Z741," ",Y741," ", X741) -> 19 Sep 1978 | AD741: =CONCATENATE(Z741," ",Y741," ",X741) -> 19 Sep 1978 | AE741: =DATEDIF(AD741,TODAY(),"y") -> 48 | AH741: 6236.95
... B895: Bauder, Mr. Andrew R | C895: Bauder | D895: Mr | E895: Andrew R | H895: 0 | K895: No | L895: No | O895: 25.74 | P895: =IF(O895<18.5,"Underweight",IF(O895<25,"Normal Weight",IF(O895<30,"Overweight","Obesity"))) -> Overweight | S895: 7.69 | T895: =IF(S895<5.7,"normal",IF(S895<6.5,"Prediabetes",IF(S895>6.5,"diabetes"))) -> diabetes | X895: 1965 | Y895: Jun | Z895: 6 | AA895: =CONCATENATE(Z895," ",Y895," ", X895) -> 6 Jun 1965 | AD895: =CONCATENATE(Z895," ",Y895," ",X895) -> 6 Jun 1965 | AE895: =DATEDIF(AD895,TODAY(),"y") -> 61 | AH895: 7304.65
B896: Mendoza, Mr. Francisco J. Sr. | C896: Mendoza | D896: Mr | E896: Francisco J | F896: Sr | H896: 0 | K896: No | L896: No | O896: 36.06 | P896: =IF(O896<18.5,"Underweight",IF(O896<25,"Normal Weight",IF(O896<30,"Overweight","Obesity"))) -> Obesity | S896: 8.83 | T896: =IF(S896<5.7,"normal",IF(S896<6.5,"Prediabetes",IF(S896>6.5,"diabetes"))) -> diabetes | X896: 1965 | Y896: Jun | Z896: 25 | AA896: =CONCATENATE(Z896," ",Y896," ", X896) -> 25 Jun 1965 | AD896: =CONCATENATE(Z896," ",Y896," ",X896) -> 25 Jun 1965 | AE896: =DATEDIF(AD896,TODAY(),"y") -> 61 | AH896: 7318.21
B897: Glass, Mrs. Rhonda | C897: Glass | D897: Mrs | E897: Rhonda | H897: 0 | K897: No | L897: No | O897: 43.28 | P897: =IF(O897<18.5,"Underweight",IF(O897<25,"Normal Weight",IF(O897<30,"Overweight","Obesity"))) -> Obesity | S897: 4.41 | T897: =IF(S897<5.7,"normal",IF(S897<6.5,"Prediabetes",IF(S897>6.5,"diabetes"))) -> normal | X897: 1972 | Y897: Aug | Z897: 11 | AA897: =CONCATENATE(Z897," ",Y897," ", X897) -> 11 Aug 1972 | AD897: =CONCATENATE(Z897," ",Y897," ",X897) -> 11 Aug 1972 | AE897: =DATEDIF(AD897,TODAY(),"y") -> 54 | AH897: 7318.22
B898: Butcher, Mr. John | C898: Butcher | D898: Mr | E898: John | H898: 1 | K898: No | L898: No | O898: 28.785 | P898: =IF(O898<18.5,"Underweight",IF(O898<25,"Normal Weight",IF(O898<30,"Overweight","Obesity"))) -> Overweight | S898: 9.1 | T898: =IF(S898<5.7,"normal",IF(S898<6.5,"Prediabetes",IF(S898>6.5,"diabetes"))) -> diabetes | X898: 1965 | Y898: Jul | Z898: 11 | AA898: =CONCATENATE(Z898," ",Y898," ", X898) -> 11 Jul 1965 | AD898: =CONCATENATE(Z898," ",Y898," ",X898) -> 11 Jul 1965 | AE898: =DATEDIF(AD898,TODAY(),"y") -> 61 | AH898: 7322.86
B899: Traiser, Mr. Miles J. | C899: Traiser | D899: Mr | E899: Miles J | H899: 1 | K899: No | L899: No | O899: 25.46 | P899: =IF(O899<18.5,"Underweight",IF(O899<25,"Normal Weight",IF(O899<30,"Overweight","Obesity"))) -> Overweight | S899: 11.52 | T899: =IF(S899<5.7,"normal",IF(S899<6.5,"Prediabetes",IF(S899>6.5,"diabetes"))) -> diabetes | X899: 2004 | Y899: Nov | Z899: 15 | AA899: =CONCATENATE(Z899," ",Y899," ", X899) -> 15 Nov 2004 | AD899: =CONCATENATE(Z899," ",Y899," ",X899) -> 15 Nov 2004 | AE899: =DATEDIF(AD899,TODAY(),"y") -> 21 | AH899: 7323.73
B900: Mudy-Mader, Ms. Justyna I. | C900: Mudy-Mader | D900: Ms | E900: Justyna I | H900: 0 | K900: No | L900: No | O900: 30.8 | P900: =IF(O900<18.5,"Underweight",IF(O900<25,"Normal Weight",IF(O900<30,"Overweight","Obesity"))) -> Obesity | S900: 10.95 | T900: =IF(S900<5.7,"normal",IF(S900<6.5,"Prediabetes",IF(S900>6.5,"diabetes"))) -> diabetes | X900: 1979 | Y900: Jun | Z900: 19 | AA900: =CONCATENATE(Z900," ",Y900," ", X900) -> 19 Jun 1979 | AD900: =CONCATENATE(Z900," ",Y900," ",X900) -> 19 Jun 1979 | AE900: =DATEDIF(AD900,TODAY(),"y") -> 47 | AH900: 7325.05
B901: Rogers, Ms. Lucille | C901: Rogers | D901: Ms | E901: Lucille | H901: 0 | K901: No | L901: No | O901: 28.88 | P901: =IF(O901<18.5,"Underweight",IF(O901<25,"Normal Weight",IF(O901<30,"Overweight","Obesity"))) -> Overweight | S901: 11.5 | T901: =IF(S901<5.7,"normal",IF(S901<6.5,"Prediabetes",IF(S901>6.5,"diabetes"))) -> diabetes | X901: 1984 | Y901: Jul | Z901: 25 | AA901: =CONCATENATE(Z901," ",Y901," ", X901) -> 25 Jul 1984 | AD901: =CONCATENATE(Z901," ",Y901," ",X901) -> 25 Jul 1984 | AE901: =DATEDIF(AD901,TODAY(),"y") -> 42 | AH901: 7325.47
B902: Woo, Ms. April | C902: Woo | D902: Ms | E902: April | H902: 0 | K902: No | L902: No | O902: 23 | P902: =IF(O902<18.5,"Underweight",IF(O902<25,"Normal Weight",IF(O902<30,"Overweight","Obesity"))) -> Normal Weight | S902: 9.88 | T902: =IF(S902<5.7,"normal",IF(S902<6.5,"Prediabetes",IF(S902>6.5,"diabetes"))) -> diabetes | X902: 1979 | Y902: Sep | Z902: 19 | AA902: =CONCATENATE(Z902," ",Y902," ", X902) -> 19 Sep 1979 | AD902: =CONCATENATE(Z902," ",Y902," ",X902) -> 19 Sep 1979 | AE902: =DATEDIF(AD902,TODAY(),"y") -> 47 | AH902: 7337.75
B903: Walsh, Mr. Robert | C903: Walsh | D903: Mr | E903: Robert | H903: 1 | K903: No | L903: No | O903: 38.25 | P903: =IF(O903<18.5,"Underweight",IF(O903<25,"Normal Weight",IF(O903<30,"Overweight","Obesity"))) -> Obesity | S903: 6.2 | T903: =IF(S903<5.7,"normal",IF(S903<6.5,"Prediabetes",IF(S903>6.5,"diabetes"))) -> Prediabetes | X903: 1986 | Y903: Jun | Z903: 15 | AA903: =CONCATENATE(Z903," ",Y903," ", X903) -> 15 Jun 1986 | AD903: =CONCATENATE(Z903," ",Y903," ",X903) -> 15 Jun 1986 | AE903: =DATEDIF(AD903,TODAY(),"y") -> 40 | AH903: 7339.93
B904: White, Mrs. Alyssa | C904: White | D904: Mrs | E904: Alyssa | H904: 1 | K904: No | L904: No | O904: 39.25 | P904: =IF(O904<18.5,"Underweight",IF(O904<25,"Normal Weight",IF(O904<30,"Overweight","Obesity"))) -> Obesity | S904: 8.41 | T904: =IF(S904<5.7,"normal",IF(S904<6.5,"Prediabetes",IF(S904>6.5,"diabetes"))) -> diabetes | X904: 1977 | Y904: Dec | Z904: 18 | AA904: =CONCATENATE(Z904," ",Y904," ", X904) -> 18 Dec 1977 | AD904: =CONCATENATE(Z904," ",Y904," ",X904) -> 18 Dec 1977 | AE904: =DATEDIF(AD904,TODAY(),"y") -> 48 | AH904: 7345.08
B905: Sheppard, Ms. Jessica E. | C905: Sheppard | D905: Ms | E905: Jessica E | H905: 2 | K905: No | L905: No | O905: 26.6 | P905: =IF(O905<18.5,"Underweight",IF(O905<25,"Normal Weight",IF(O905<30,"Overweight","Obesity"))) -> Overweight | S905: 5.07 | T905: =IF(S905<5.7,"normal",IF(S905<6.5,"Prediabetes",IF(S905>6.5,"diabetes"))) -> normal | X905: 1979 | Y905: Jun | Z905: 26 | AA905: =CONCATENATE(Z905," ",Y905," ", X905) -> 26 Jun 1979 | AD905: =CONCATENATE(Z905," ",Y905," ",X905) -> 26 Jun 1979 | AE905: =DATEDIF(AD905,TODAY(),"y") -> 47 | AH905: 7345.73
B906: Doran, Mr. Patrick J. | C906: Doran | D906: Mr | E906: Patrick J | H906: 1 | K906: No | L906: No | O906: 35.7 | P906: =IF(O906<18.5,"Underweight",IF(O906<25,"Normal Weight",IF(O906<30,"Overweight","Obesity"))) -> Obesity | S906: 4.06 | T906: =IF(S906<5.7,"normal",IF(S906<6.5,"Prediabetes",IF(S906>6.5,"diabetes"))) -> normal | X906: 1977 | Y906: Dec | Z906: 1 | AA906: =CONCATENATE(Z906," ",Y906," ", X906) -> 1 Dec 1977 | AD906: =CONCATENATE(Z906," ",Y906," ",X906) -> 1 Dec 1977 | AE906: =DATEDIF(AD906,TODAY(),"y") -> 48 | AH906: 7348.14
B907: Labrosse, Ms. Emilie | C907: Labrosse | D907: Ms | E907: Emilie | H907: 0 | K907: No | L907: No | O907: 20.1 | P907: =IF(O907<18.5,"Underweight",IF(O907<25,"Normal Weight",IF(O907<30,"Overweight","Obesity"))) -> Normal Weight | S907: 10.52 | T907: =IF(S907<5.7,"normal",IF(S907<6.5,"Prediabetes",IF(S907>6.5,"diabetes"))) -> diabetes | X907: 1993 | Y907: Oct | Z907: 5 | AA907: =CONCATENATE(Z907," ",Y907," ", X907) -> 5 Oct 1993 | AD907: =CONCATENATE(Z907," ",Y907," ",X907) -> 5 Oct 1993 | AE907: =DATEDIF(AD907,TODAY(),"y") -> 33 | AH907: 7349.12
B908: Thomas, Ms. Caitlin B. | C908: Thomas | D908: Ms | E908: Caitlin B | H908: 0 | K908: No | L908: No | O908: 22.23 | P908: =IF(O908<18.5,"Underweight",IF(O908<25,"Normal Weight",IF(O908<30,"Overweight","Obesity"))) -> Normal Weight | S908: 9.65 | T908: =IF(S908<5.7,"normal",IF(S908<6.5,"Prediabetes",IF(S908>6.5,"diabetes"))) -> diabetes | X908: 1983 | Y908: Jun | Z908: 21 | AA908: =CONCATENATE(Z908," ",Y908," ", X908) -> 21 Jun 1983 | AD908: =CONCATENATE(Z908," ",Y908," ",X908) -> 21 Jun 1983 | AE908: =DATEDIF(AD908,TODAY(),"y") -> 43 | AH908: 7357.49
... B1053: Hempel, Ms. Alexandra | C1053: Hempel | D1053: Ms | E1053: Alexandra | H1053: 0 | K1053: No | L1053: No | O1053: 30.5 | P1053: =IF(O1053<18.5,"Underweight",IF(O1053<25,"Normal Weight",IF(O1053<30,"Overweight","Obesity"))) -> Obesity | S1053: 11.94 | T1053: =IF(S1053<5.7,"normal",IF(S1053<6.5,"Prediabetes",IF(S1053>6.5,"diabetes"))) -> diabetes | X1053: 1977 | Y1053: Jul | Z1053: 26 | AA1053: =CONCATENATE(Z1053," ",Y1053," ", X1053) -> 26 Jul 1977 | AD1053: =CONCATENATE(Z1053," ",Y1053," ",X1053) -> 26 Jul 1977 | AE1053: =DATEDIF(AD1053,TODAY(),"y") -> 49 | AH1053: 8527.53
B1054: McBroom, Ms. Tiffany | C1054: McBroom | D1054: Ms | E1054: Tiffany | H1054: 2 | K1054: No | L1054: No | O1054: 28.16 | P1054: =IF(O1054<18.5,"Underweight",IF(O1054<25,"Normal Weight",IF(O1054<30,"Overweight","Obesity"))) -> Overweight | S1054: 5.56 | T1054: =IF(S1054<5.7,"normal",IF(S1054<6.5,"Prediabetes",IF(S1054>6.5,"diabetes"))) -> normal | X1054: ? | Y1054: Jul | Z1054: 24 | AA1054: =CONCATENATE(Z1054," ",Y1054," ", X1054) -> 24 Jul ? | AD1054: =CONCATENATE(Z1054," ",Y1054," ",X1054) -> 24 Jul ? | AE1054: =DATEDIF(AD1054,TODAY(),"y") -> #VALUE! | AH1054: 8534.67
B1055: Yoo, Mrs. Rebecca J | C1055: Yoo | D1055: Mrs | E1055: Rebecca J | H1055: 0 | K1055: No | L1055: No | O1055: 29.1 | P1055: =IF(O1055<18.5,"Underweight",IF(O1055<25,"Normal Weight",IF(O1055<30,"Overweight","Obesity"))) -> Overweight | S1055: 5.64 | T1055: =IF(S1055<5.7,"normal",IF(S1055<6.5,"Prediabetes",IF(S1055>6.5,"diabetes"))) -> normal | X1055: 1981 | Y1055: Dec | Z1055: 27 | AA1055: =CONCATENATE(Z1055," ",Y1055," ", X1055) -> 27 Dec 1981 | AD1055: =CONCATENATE(Z1055," ",Y1055," ",X1055) -> 27 Dec 1981 | AE1055: =DATEDIF(AD1055,TODAY(),"y") -> 44 | AH1055: 8538.29
B1056: Rand, Mr. Austin T. | C1056: Rand | D1056: Mr | E1056: Austin T | H1056: 0 | K1056: No | L1056: No | O1056: 30.22 | P1056: =IF(O1056<18.5,"Underweight",IF(O1056<25,"Normal Weight",IF(O1056<30,"Overweight","Obesity"))) -> Obesity | S1056: 4.65 | T1056: =IF(S1056<5.7,"normal",IF(S1056<6.5,"Prediabetes",IF(S1056>6.5,"diabetes"))) -> normal | X1056: 1975 | Y1056: Nov | Z1056: 6 | AA1056: =CONCATENATE(Z1056," ",Y1056," ", X1056) -> 6 Nov 1975 | AD1056: =CONCATENATE(Z1056," ",Y1056," ",X1056) -> 6 Nov 1975 | AE1056: =DATEDIF(AD1056,TODAY(),"y") -> 50 | AH1056: 8539.67
B1057: Wolfe, Ms. Jamie T | C1057: Wolfe | D1057: Ms | E1057: Jamie T | H1057: 0 | K1057: No | L1057: No | O1057: 24.29 | P1057: =IF(O1057<18.5,"Underweight",IF(O1057<25,"Normal Weight",IF(O1057<30,"Overweight","Obesity"))) -> Normal Weight | S1057: 9.05 | T1057: =IF(S1057<5.7,"normal",IF(S1057<6.5,"Prediabetes",IF(S1057>6.5,"diabetes"))) -> diabetes | X1057: ? | Y1057: Dec | Z1057: 12 | AA1057: =CONCATENATE(Z1057," ",Y1057," ", X1057) -> 12 Dec ? | AD1057: =CONCATENATE(Z1057," ",Y1057," ",X1057) -> 12 Dec ? | AE1057: =DATEDIF(AD1057,TODAY(),"y") -> #VALUE! | AH1057: 8547.69
B1058: Vance, Mr. Matthew T. | C1058: Vance | D1058: Mr | E1058: Matthew T | H1058: 0 | K1058: No | L1058: No | O1058: 29.39 | P1058: =IF(O1058<18.5,"Underweight",IF(O1058<25,"Normal Weight",IF(O1058<30,"Overweight","Obesity"))) -> Overweight | S1058: 4.52 | T1058: =IF(S1058<5.7,"normal",IF(S1058<6.5,"Prediabetes",IF(S1058>6.5,"diabetes"))) -> normal | X1058: 1975 | Y1058: Aug | Z1058: 6 | AA1058: =CONCATENATE(Z1058," ",Y1058," ", X1058) -> 6 Aug 1975 | AD1058: =CONCATENATE(Z1058," ",Y1058," ",X1058) -> 6 Aug 1975 | AE1058: =DATEDIF(AD1058,TODAY(),"y") -> 51 | AH1058: 8551.35
B1059: Burnett, Mrs. Emily | C1059: Burnett | D1059: Mrs | E1059: Emily | H1059: 1 | K1059: No | L1059: No | O1059: 25.66 | P1059: =IF(O1059<18.5,"Underweight",IF(O1059<25,"Normal Weight",IF(O1059<30,"Overweight","Obesity"))) -> Overweight | S1059: 4.62 | T1059: =IF(S1059<5.7,"normal",IF(S1059<6.5,"Prediabetes",IF(S1059>6.5,"diabetes"))) -> normal | X1059: 1975 | Y1059: Aug | Z1059: 21 | AA1059: =CONCATENATE(Z1059," ",Y1059," ", X1059) -> 21 Aug 1975 | AD1059: =CONCATENATE(Z1059," ",Y1059," ",X1059) -> 21 Aug 1975 | AE1059: =DATEDIF(AD1059,TODAY(),"y") -> 51 | AH1059: 8556.91
B1060: Clason, Ms. Gillian | C1060: Clason | D1060: Ms | E1060: Gillian | H1060: 0 | K1060: No | L1060: No | O1060: 39.11 | P1060: =IF(O1060<18.5,"Underweight",IF(O1060<25,"Normal Weight",IF(O1060<30,"Overweight","Obesity"))) -> Obesity | S1060: 5.87 | T1060: =IF(S1060<5.7,"normal",IF(S1060<6.5,"Prediabetes",IF(S1060>6.5,"diabetes"))) -> Prediabetes | X1060: 1988 | Y1060: Sep | Z1060: 21 | AA1060: =CONCATENATE(Z1060," ",Y1060," ", X1060) -> 21 Sep 1988 | AD1060: =CONCATENATE(Z1060," ",Y1060," ",X1060) -> 21 Sep 1988 | AE1060: =DATEDIF(AD1060,TODAY(),"y") -> 38 | AH1060: 8567.25
B1061: Donnelly, Mrs. Brenn E. | C1061: Donnelly | D1061: Mrs | E1061: Brenn E | H1061: 1 | K1061: No | L1061: No | O1061: 43.78 | P1061: =IF(O1061<18.5,"Underweight",IF(O1061<25,"Normal Weight",IF(O1061<30,"Overweight","Obesity"))) -> Obesity | S1061: 5.71 | T1061: =IF(S1061<5.7,"normal",IF(S1061<6.5,"Prediabetes",IF(S1061>6.5,"diabetes"))) -> Prediabetes | X1061: 1975 | Y1061: Sep | Z1061: 26 | AA1061: =CONCATENATE(Z1061," ",Y1061," ", X1061) -> 26 Sep 1975 | AD1061: =CONCATENATE(Z1061," ",Y1061," ",X1061) -> 26 Sep 1975 | AE1061: =DATEDIF(AD1061,TODAY(),"y") -> 51 | AH1061: 8569.86
B1062: Pietz, Ms. Lisa M | C1062: Pietz | D1062: Ms | E1062: Lisa M | H1062: 0 | K1062: No | L1062: No | O1062: 24.35 | P1062: =IF(O1062<18.5,"Underweight",IF(O1062<25,"Normal Weight",IF(O1062<30,"Overweight","Obesity"))) -> Normal Weight | S1062: 9.08 | T1062: =IF(S1062<5.7,"normal",IF(S1062<6.5,"Prediabetes",IF(S1062>6.5,"diabetes"))) -> diabetes | X1062: 1982 | Y1062: Dec | Z1062: 6 | AA1062: =CONCATENATE(Z1062," ",Y1062," ", X1062) -> 6 Dec 1982 | AD1062: =CONCATENATE(Z1062," ",Y1062," ",X1062) -> 6 Dec 1982 | AE1062: =DATEDIF(AD1062,TODAY(),"y") -> 43 | AH1062: 8572.04
B1063: Tegenkamp, Mr. Matt | C1063: Tegenkamp | D1063: Mr | E1063: Matt | H1063: 2 | K1063: No | L1063: No | O1063: 40.3 | P1063: =IF(O1063<18.5,"Underweight",IF(O1063<25,"Normal Weight",IF(O1063<30,"Overweight","Obesity"))) -> Obesity | S1063: 5.3 | T1063: =IF(S1063<5.7,"normal",IF(S1063<6.5,"Prediabetes",IF(S1063>6.5,"diabetes"))) -> normal | X1063: 1987 | Y1063: Nov | Z1063: 11 | AA1063: =CONCATENATE(Z1063," ",Y1063," ", X1063) -> 11 Nov 1987 | AD1063: =CONCATENATE(Z1063," ",Y1063," ",X1063) -> 11 Nov 1987 | AE1063: =DATEDIF(AD1063,TODAY(),"y") -> 38 | AH1063: 8573.3
B1064: Dover, Mr. Thomas A. | C1064: Dover | D1064: Mr | E1064: Thomas A | H1064: 0 | K1064: No | L1064: No | O1064: 32.775 | P1064: =IF(O1064<18.5,"Underweight",IF(O1064<25,"Normal Weight",IF(O1064<30,"Overweight","Obesity"))) -> Obesity | S1064: 11.76 | T1064: =IF(S1064<5.7,"normal",IF(S1064<6.5,"Prediabetes",IF(S1064>6.5,"diabetes"))) -> diabetes | X1064: 1983 | Y1064: Dec | Z1064: 30 | AA1064: =CONCATENATE(Z1064," ",Y1064," ", X1064) -> 30 Dec 1983 | AD1064: =CONCATENATE(Z1064," ",Y1064," ",X1064) -> 30 Dec 1983 | AE1064: =DATEDIF(AD1064,TODAY(),"y") -> 42 | AH1064: 8582.3
B1065: Dockemeyer, Mr. Kevin J | C1065: Dockemeyer | D1065: Mr | E1065: Kevin J | H1065: 2 | K1065: No | L1065: No | O1065: 39.6 | P1065: =IF(O1065<18.5,"Underweight",IF(O1065<25,"Normal Weight",IF(O1065<30,"Overweight","Obesity"))) -> Obesity | S1065: 5.11 | T1065: =IF(S1065<5.7,"normal",IF(S1065<6.5,"Prediabetes",IF(S1065>6.5,"diabetes"))) -> normal | X1065: 1983 | Y1065: Jul | Z1065: 25 | AA1065: =CONCATENATE(Z1065," ",Y1065," ", X1065) -> 25 Jul 1983 | AD1065: =CONCATENATE(Z1065," ",Y1065," ",X1065) -> 25 Jul 1983 | AE1065: =DATEDIF(AD1065,TODAY(),"y") -> 43 | AH1065: 8596.83
B1066: Steele, Mr. William H. III | C1066: Steele | D1066: Mr | E1066: William H | F1066: III | H1066: 2 | K1066: No | L1066: No | O1066: 30.97 | P1066: =IF(O1066<18.5,"Underweight",IF(O1066<25,"Normal Weight",IF(O1066<30,"Overweight","Obesity"))) -> Obesity | S1066: 5.54 | T1066: =IF(S1066<5.7,"normal",IF(S1066<6.5,"Prediabetes",IF(S1066>6.5,"diabetes"))) -> normal | X1066: 1973 | Y1066: Jul | Z1066: 11 | AA1066: =CONCATENATE(Z1066," ",Y1066," ", X1066) -> 11 Jul 1973 | AD1066: =CONCATENATE(Z1066," ",Y1066," ",X1066) -> 11 Jul 1973 | AE1066: =DATEDIF(AD1066,TODAY(),"y") -> 53 | AH1066: 8601.33
B1067: Harel, Mr. Gal | C1067: Harel | D1067: Mr | E1067: Gal | H1067: 0 | K1067: No | L1067: No | O1067: 27.645 | P1067: =IF(O1067<18.5,"Underweight",IF(O1067<25,"Normal Weight",IF(O1067<30,"Overweight","Obesity"))) -> Overweight | S1067: 8.87 | T1067: =IF(S1067<5.7,"normal",IF(S1067<6.5,"Prediabetes",IF(S1067>6.5,"diabetes"))) -> diabetes | X1067: 1977 | Y1067: Sep | Z1067: 24 | AA1067: =CONCATENATE(Z1067," ",Y1067," ", X1067) -> 24 Sep 1977 | AD1067: =CONCATENATE(Z1067," ",Y1067," ",X1067) -> 24 Sep 1977 | AE1067: =DATEDIF(AD1067,TODAY(),"y") -> 49 | AH1067: 8603.82
B1068: Aguila, Mr. Anton | C1068: Aguila | D1068: Mr | E1068: Anton | H1068: 2 | K1068: No | L1068: No | O1068: 34.43 | P1068: =IF(O1068<18.5,"Underweight",IF(O1068<25,"Normal Weight",IF(O1068<30,"Overweight","Obesity"))) -> Obesity | S1068: 5.96 | T1068: =IF(S1068<5.7,"normal",IF(S1068<6.5,"Prediabetes",IF(S1068>6.5,"diabetes"))) -> Prediabetes | X1068: 1977 | Y1068: Nov | Z1068: 12 | AA1068: =CONCATENATE(Z1068," ",Y1068," ", X1068) -> 12 Nov 1977 | AD1068: =CONCATENATE(Z1068," ",Y1068," ",X1068) -> 12 Nov 1977 | AE1068: =DATEDIF(AD1068,TODAY(),"y") -> 48 | AH1068: 8604.48
...

Sheet Healthcare  
A1: Customer ID | B1: customer name | C1: Daibetes status | D1: BMI | E1: weight status | F1: HBA1C | G1: Heart Issues | H1: Any Transplants | I1: Cancer history | J1: NumberOfMajorSurgeries | K1: smoker | L1: year | M1: month | N1: date | O1: date of birth | P1: age | Q1: children | R1: charges | S1: Hospital tier | T1: City tier | U1: State ID
A2: Id1 | B2: =VLOOKUP(A2,'Customer Names'!A:B,2,0) -> Hawks, Ms. Kelly | C2: =IF(F2<5.7,"Normal",IF(F2<6.5,"Prediabetes","Diabetes")) -> Diabetes | D2: =VLOOKUP(A2,'Medical Examinations'!A:H,2,0) -> 47.41 | E2: =IF(D2<18.5,"Underweight",IF(D2<25,"Normal Weight",IF(D2<30,"Overweight","Obesity"))) -> Obesity | F2: =VLOOKUP(A2,'Medical Examinations'!A:H,3,0) -> 7.47 | G2: =VLOOKUP(A2,'Medical Examinations'!A:H,4,0) -> No | H2: =VLOOKUP(A2,'Medical Examinations'!A:H,5,0) -> No | I2: =VLOOKUP(A2,'Medical Examinations'!A:H,6,0) -> No | J2: =VLOOKUP(A2,'Medical Examinations'!A:H,7,0) -> No major surgery | K2: =VLOOKUP(A2,'Medical Examinations'!A:H,8,0) -> yes | L2: =VLOOKUP(A2,'Hospitalisation Details'!A:I,2,0) -> 1968 | M2: =VLOOKUP(A2,'Hospitalisation Details'!A:I,3,0) -> Oct | N2: =VLOOKUP(A2,'Hospitalisation Details'!A:I,4,0) -> 12 | O2: =CONCATENATE(N2," ",M2," ",L2) -> 12 Oct 1968 | P2: =DATEDIF(O2,TODAY(),"y") -> 58 | Q2: =VLOOKUP(A2,'Hospitalisation Details'!A:I,5,0) -> 0 | R2: =VLOOKUP(A2,'Hospitalisation Details'!A:I,6,0) -> 63770.43 | S2: =VLOOKUP(A2,'Hospitalisation Details'!A:I,7,0) -> tier - 1 | T2: =VLOOKUP(A2,'Hospitalisation Details'!A:I,8,0) -> tier - 3 | U2: =VLOOKUP(A2,'Hospitalisation Details'!A:I,9,0) -> R1013
A3: Id2 | B3: =VLOOKUP(A3,'Customer Names'!A:B,2,0) -> Lehner, Mr. Matthew D | C3: =IF(F3<5.7,"Normal",IF(F3<6.5,"Prediabetes","Diabetes")) -> Prediabetes | D3: =VLOOKUP(A3,'Medical Examinations'!A:H,2,0) -> 30.36 | E3: =IF(D3<18.5,"Underweight",IF(D3<25,"Normal Weight",IF(D3<30,"Overweight","Obesity"))) -> Obesity | F3: =VLOOKUP(A3,'Medical Examinations'!A:H,3,0) -> 5.77 | G3: =VLOOKUP(A3,'Medical Examinations'!A:H,4,0) -> No | H3: =VLOOKUP(A3,'Medical Examinations'!A:H,5,0) -> No | I3: =VLOOKUP(A3,'Medical Examinations'!A:H,6,0) -> No | J3: =VLOOKUP(A3,'Medical Examinations'!A:H,7,0) -> No major surgery | K3: =VLOOKUP(A3,'Medical Examinations'!A:H,8,0) -> yes | L3: =VLOOKUP(A3,'Hospitalisation Details'!A:I,2,0) -> 1977 | M3: =VLOOKUP(A3,'Hospitalisation Details'!A:I,3,0) -> Jun | N3: =VLOOKUP(A3,'Hospitalisation Details'!A:I,4,0) -> 8 | O3: =CONCATENATE(N3," ",M3," ",L3) -> 8 Jun 1977 | P3: =DATEDIF(O3,TODAY(),"y") -> 49 | Q3: =VLOOKUP(A3,'Hospitalisation Details'!A:I,5,0) -> 0 | R3: =VLOOKUP(A3,'Hospitalisation Details'!A:I,6,0) -> 62592.87 | S3: =VLOOKUP(A3,'Hospitalisation Details'!A:I,7,0) -> tier - 2 | T3: =VLOOKUP(A3,'Hospitalisation Details'!A:I,8,0) -> tier - 3 | U3: =VLOOKUP(A3,'Hospitalisation Details'!A:I,9,0) -> R1013
A4: Id3 | B4: =VLOOKUP(A4,'Customer Names'!A:B,2,0) -> Lu, Mr. Phil | C4: =IF(F4<5.7,"Normal",IF(F4<6.5,"Prediabetes","Diabetes")) -> Diabetes | D4: =VLOOKUP(A4,'Medical Examinations'!A:H,2,0) -> 34.485 | E4: =IF(D4<18.5,"Underweight",IF(D4<25,"Normal Weight",IF(D4<30,"Overweight","Obesity"))) -> Obesity | F4: =VLOOKUP(A4,'Medical Examinations'!A:H,3,0) -> 11.87 | G4: =VLOOKUP(A4,'Medical Examinations'!A:H,4,0) -> yes | H4: =VLOOKUP(A4,'Medical Examinations'!A:H,5,0) -> No | I4: =VLOOKUP(A4,'Medical Examinations'!A:H,6,0) -> No | J4: =VLOOKUP(A4,'Medical Examinations'!A:H,7,0) -> 2 | K4: =VLOOKUP(A4,'Medical Examinations'!A:H,8,0) -> yes | L4: =VLOOKUP(A4,'Hospitalisation Details'!A:I,2,0) -> 1970 | M4: =VLOOKUP(A4,'Hospitalisation Details'!A:I,3,0) -> SEP | N4: =VLOOKUP(A4,'Hospitalisation Details'!A:I,4,0) -> 11 | O4: =CONCATENATE(N4," ",M4," ",L4) -> 11 SEP 1970 | P4: =DATEDIF(O4,TODAY(),"y") -> 56 | Q4: =VLOOKUP(A4,'Hospitalisation Details'!A:I,5,0) -> 3 | R4: =VLOOKUP(A4,'Hospitalisation Details'!A:I,6,0) -> 60021.4 | S4: =VLOOKUP(A4,'Hospitalisation Details'!A:I,7,0) -> tier - 1 | T4: =VLOOKUP(A4,'Hospitalisation Details'!A:I,8,0) -> tier - 1 | U4: =VLOOKUP(A4,'Hospitalisation Details'!A:I,9,0) -> R1012
A5: Id4 | B5: =VLOOKUP(A5,'Customer Names'!A:B,2,0) -> Osborne, Ms. Kelsey | C5: =IF(F5<5.7,"Normal",IF(F5<6.5,"Prediabetes","Diabetes")) -> Prediabetes | D5: =VLOOKUP(A5,'Medical Examinations'!A:H,2,0) -> 38.095 | E5: =IF(D5<18.5,"Underweight",IF(D5<25,"Normal Weight",IF(D5<30,"Overweight","Obesity"))) -> Obesity | F5: =VLOOKUP(A5,'Medical Examinations'!A:H,3,0) -> 6.05 | G5: =VLOOKUP(A5,'Medical Examinations'!A:H,4,0) -> No | H5: =VLOOKUP(A5,'Medical Examinations'!A:H,5,0) -> No | I5: =VLOOKUP(A5,'Medical Examinations'!A:H,6,0) -> No | J5: =VLOOKUP(A5,'Medical Examinations'!A:H,7,0) -> No major surgery | K5: =VLOOKUP(A5,'Medical Examinations'!A:H,8,0) -> yes | L5: =VLOOKUP(A5,'Hospitalisation Details'!A:I,2,0) -> 1991 | M5: =VLOOKUP(A5,'Hospitalisation Details'!A:I,3,0) -> Jun | N5: =VLOOKUP(A5,'Hospitalisation Details'!A:I,4,0) -> 6 | O5: =CONCATENATE(N5," ",M5," ",L5) -> 6 Jun 1991 | P5: =DATEDIF(O5,TODAY(),"y") -> 35 | Q5: =VLOOKUP(A5,'Hospitalisation Details'!A:I,5,0) -> 1 | R5: =VLOOKUP(A5,'Hospitalisation Details'!A:I,6,0) -> 58571.07 | S5: =VLOOKUP(A5,'Hospitalisation Details'!A:I,7,0) -> tier - 1 | T5: =VLOOKUP(A5,'Hospitalisation Details'!A:I,8,0) -> tier - 3 | U5: =VLOOKUP(A5,'Hospitalisation Details'!A:I,9,0) -> R1024
A6: Id5 | B6: =VLOOKUP(A6,'Customer Names'!A:B,2,0) -> Kadala, Ms. Kristyn | C6: =IF(F6<5.7,"Normal",IF(F6<6.5,"Prediabetes","Diabetes")) -> Normal | D6: =VLOOKUP(A6,'Medical Examinations'!A:H,2,0) -> 35.53 | E6: =IF(D6<18.5,"Underweight",IF(D6<25,"Normal Weight",IF(D6<30,"Overweight","Obesity"))) -> Obesity | F6: =VLOOKUP(A6,'Medical Examinations'!A:H,3,0) -> 5.45 | G6: =VLOOKUP(A6,'Medical Examinations'!A:H,4,0) -> No | H6: =VLOOKUP(A6,'Medical Examinations'!A:H,5,0) -> No | I6: =VLOOKUP(A6,'Medical Examinations'!A:H,6,0) -> No | J6: =VLOOKUP(A6,'Medical Examinations'!A:H,7,0) -> No major surgery | K6: =VLOOKUP(A6,'Medical Examinations'!A:H,8,0) -> yes | L6: =VLOOKUP(A6,'Hospitalisation Details'!A:I,2,0) -> 1989 | M6: =VLOOKUP(A6,'Hospitalisation Details'!A:I,3,0) -> Jun | N6: =VLOOKUP(A6,'Hospitalisation Details'!A:I,4,0) -> 19 | O6: =CONCATENATE(N6," ",M6," ",L6) -> 19 Jun 1989 | P6: =DATEDIF(O6,TODAY(),"y") -> 37 | Q6: =VLOOKUP(A6,'Hospitalisation Details'!A:I,5,0) -> 0 | R6: =VLOOKUP(A6,'Hospitalisation Details'!A:I,6,0) -> 55135.4 | S6: =VLOOKUP(A6,'Hospitalisation Details'!A:I,7,0) -> tier - 1 | T6: =VLOOKUP(A6,'Hospitalisation Details'!A:I,8,0) -> tier - 2 | U6: =VLOOKUP(A6,'Hospitalisation Details'!A:I,9,0) -> R1012
A7: Id6 | B7: =VLOOKUP(A7,'Customer Names'!A:B,2,0) -> Baker, Mr. Russell B. | C7: =IF(F7<5.7,"Normal",IF(F7<6.5,"Prediabetes","Diabetes")) -> Diabetes | D7: =VLOOKUP(A7,'Medical Examinations'!A:H,2,0) -> 32.8 | E7: =IF(D7<18.5,"Underweight",IF(D7<25,"Normal Weight",IF(D7<30,"Overweight","Obesity"))) -> Obesity | F7: =VLOOKUP(A7,'Medical Examinations'!A:H,3,0) -> 6.59 | G7: =VLOOKUP(A7,'Medical Examinations'!A:H,4,0) -> No | H7: =VLOOKUP(A7,'Medical Examinations'!A:H,5,0) -> No | I7: =VLOOKUP(A7,'Medical Examinations'!A:H,6,0) -> No | J7: =VLOOKUP(A7,'Medical Examinations'!A:H,7,0) -> No major surgery | K7: =VLOOKUP(A7,'Medical Examinations'!A:H,8,0) -> yes | L7: =VLOOKUP(A7,'Hospitalisation Details'!A:I,2,0) -> 1962 | M7: =VLOOKUP(A7,'Hospitalisation Details'!A:I,3,0) -> Aug | N7: =VLOOKUP(A7,'Hospitalisation Details'!A:I,4,0) -> 4 | O7: =CONCATENATE(N7," ",M7," ",L7) -> 4 Aug 1962 | P7: =DATEDIF(O7,TODAY(),"y") -> 64 | Q7: =VLOOKUP(A7,'Hospitalisation Details'!A:I,5,0) -> 0 | R7: =VLOOKUP(A7,'Hospitalisation Details'!A:I,6,0) -> 52590.83 | S7: =VLOOKUP(A7,'Hospitalisation Details'!A:I,7,0) -> tier - 1 | T7: =VLOOKUP(A7,'Hospitalisation Details'!A:I,8,0) -> tier - 3 | U7: =VLOOKUP(A7,'Hospitalisation Details'!A:I,9,0) -> R1011
A8: Id7 | B8: =VLOOKUP(A8,'Customer Names'!A:B,2,0) -> Macpherson, Mr. Scott | C8: =IF(F8<5.7,"Normal",IF(F8<6.5,"Prediabetes","Diabetes")) -> Prediabetes | D8: =VLOOKUP(A8,'Medical Examinations'!A:H,2,0) -> 36.4 | E8: =IF(D8<18.5,"Underweight",IF(D8<25,"Normal Weight",IF(D8<30,"Overweight","Obesity"))) -> Obesity | F8: =VLOOKUP(A8,'Medical Examinations'!A:H,3,0) -> 6.07 | G8: =VLOOKUP(A8,'Medical Examinations'!A:H,4,0) -> No | H8: =VLOOKUP(A8,'Medical Examinations'!A:H,5,0) -> No | I8: =VLOOKUP(A8,'Medical Examinations'!A:H,6,0) -> No | J8: =VLOOKUP(A8,'Medical Examinations'!A:H,7,0) -> No major surgery | K8: =VLOOKUP(A8,'Medical Examinations'!A:H,8,0) -> yes | L8: =VLOOKUP(A8,'Hospitalisation Details'!A:I,2,0) -> 1994 | M8: =VLOOKUP(A8,'Hospitalisation Details'!A:I,3,0) -> Oct | N8: =VLOOKUP(A8,'Hospitalisation Details'!A:I,4,0) -> 27 | O8: =CONCATENATE(N8," ",M8," ",L8) -> 27 Oct 1994 | P8: =DATEDIF(O8,TODAY(),"y") -> 31 | Q8: =VLOOKUP(A8,'Hospitalisation Details'!A:I,5,0) -> 1 | R8: =VLOOKUP(A8,'Hospitalisation Details'!A:I,6,0) -> 51194.56 | S8: =VLOOKUP(A8,'Hospitalisation Details'!A:I,7,0) -> tier - 1 | T8: =VLOOKUP(A8,'Hospitalisation Details'!A:I,8,0) -> tier - 3 | U8: =VLOOKUP(A8,'Hospitalisation Details'!A:I,9,0) -> R1011
A9: Id8 | B9: =VLOOKUP(A9,'Customer Names'!A:B,2,0) -> Hallman, Mr. Stephen | C9: =IF(F9<5.7,"Normal",IF(F9<6.5,"Prediabetes","Diabetes")) -> Diabetes | D9: =VLOOKUP(A9,'Medical Examinations'!A:H,2,0) -> 36.96 | E9: =IF(D9<18.5,"Underweight",IF(D9<25,"Normal Weight",IF(D9<30,"Overweight","Obesity"))) -> Obesity | F9: =VLOOKUP(A9,'Medical Examinations'!A:H,3,0) -> 7.93 | G9: =VLOOKUP(A9,'Medical Examinations'!A:H,4,0) -> No | H9: =VLOOKUP(A9,'Medical Examinations'!A:H,5,0) -> No | I9: =VLOOKUP(A9,'Medical Examinations'!A:H,6,0) -> No | J9: =VLOOKUP(A9,'Medical Examinations'!A:H,7,0) -> 3 | K9: =VLOOKUP(A9,'Medical Examinations'!A:H,8,0) -> yes | L9: =VLOOKUP(A9,'Hospitalisation Details'!A:I,2,0) -> 1958 | M9: =VLOOKUP(A9,'Hospitalisation Details'!A:I,3,0) -> Jun | N9: =VLOOKUP(A9,'Hospitalisation Details'!A:I,4,0) -> 27 | O9: =CONCATENATE(N9," ",M9," ",L9) -> 27 Jun 1958 | P9: =DATEDIF(O9,TODAY(),"y") -> 68 | Q9: =VLOOKUP(A9,'Hospitalisation Details'!A:I,5,0) -> 2 | R9: =VLOOKUP(A9,'Hospitalisation Details'!A:I,6,0) -> 49577.66 | S9: =VLOOKUP(A9,'Hospitalisation Details'!A:I,7,0) -> tier - 2 | T9: =VLOOKUP(A9,'Hospitalisation Details'!A:I,8,0) -> tier - 2 | U9: =VLOOKUP(A9,'Hospitalisation Details'!A:I,9,0) -> R1013
A10: Id9 | B10: =VLOOKUP(A10,'Customer Names'!A:B,2,0) -> Moran, Mr. Patrick R. | C10: =IF(F10<5.7,"Normal",IF(F10<6.5,"Prediabetes","Diabetes")) -> Diabetes | D10: =VLOOKUP(A10,'Medical Examinations'!A:H,2,0) -> 41.14 | E10: =IF(D10<18.5,"Underweight",IF(D10<25,"Normal Weight",IF(D10<30,"Overweight","Obesity"))) -> Obesity | F10: =VLOOKUP(A10,'Medical Examinations'!A:H,3,0) -> 9.58 | G10: =VLOOKUP(A10,'Medical Examinations'!A:H,4,0) -> yes | H10: =VLOOKUP(A10,'Medical Examinations'!A:H,5,0) -> No | I10: =VLOOKUP(A10,'Medical Examinations'!A:H,6,0) -> Yes | J10: =VLOOKUP(A10,'Medical Examinations'!A:H,7,0) -> 1 | K10: =VLOOKUP(A10,'Medical Examinations'!A:H,8,0) -> yes | L10: =VLOOKUP(A10,'Hospitalisation Details'!A:I,2,0) -> 1963 | M10: =VLOOKUP(A10,'Hospitalisation Details'!A:I,3,0) -> Sep | N10: =VLOOKUP(A10,'Hospitalisation Details'!A:I,4,0) -> 4 | O10: =CONCATENATE(N10," ",M10," ",L10) -> 4 Sep 1963 | P10: =DATEDIF(O10,TODAY(),"y") -> 63 | Q10: =VLOOKUP(A10,'Hospitalisation Details'!A:I,5,0) -> 1 | R10: =VLOOKUP(A10,'Hospitalisation Details'!A:I,6,0) -> 48970.25 | S10: =VLOOKUP(A10,'Hospitalisation Details'!A:I,7,0) -> tier - 1 | T10: =VLOOKUP(A10,'Hospitalisation Details'!A:I,8,0) -> tier - 2 | U10: =VLOOKUP(A10,'Hospitalisation Details'!A:I,9,0) -> R1013
A11: Id10 | B11: =VLOOKUP(A11,'Customer Names'!A:B,2,0) -> Benner, Ms. Brooke N. | C11: =IF(F11<5.7,"Normal",IF(F11<6.5,"Prediabetes","Diabetes")) -> Diabetes | D11: =VLOOKUP(A11,'Medical Examinations'!A:H,2,0) -> 38.06 | E11: =IF(D11<18.5,"Underweight",IF(D11<25,"Normal Weight",IF(D11<30,"Overweight","Obesity"))) -> Obesity | F11: =VLOOKUP(A11,'Medical Examinations'!A:H,3,0) -> 10.79 | G11: =VLOOKUP(A11,'Medical Examinations'!A:H,4,0) -> No | H11: =VLOOKUP(A11,'Medical Examinations'!A:H,5,0) -> No | I11: =VLOOKUP(A11,'Medical Examinations'!A:H,6,0) -> No | J11: =VLOOKUP(A11,'Medical Examinations'!A:H,7,0) -> No major surgery | K11: =VLOOKUP(A11,'Medical Examinations'!A:H,8,0) -> yes | L11: =VLOOKUP(A11,'Hospitalisation Details'!A:I,2,0) -> 1978 | M11: =VLOOKUP(A11,'Hospitalisation Details'!A:I,3,0) -> Dec | N11: =VLOOKUP(A11,'Hospitalisation Details'!A:I,4,0) -> 29 | O11: =CONCATENATE(N11," ",M11," ",L11) -> 29 Dec 1978 | P11: =DATEDIF(O11,TODAY(),"y") -> 47 | Q11: =VLOOKUP(A11,'Hospitalisation Details'!A:I,5,0) -> 0 | R11: =VLOOKUP(A11,'Hospitalisation Details'!A:I,6,0) -> 48885.14 | S11: =VLOOKUP(A11,'Hospitalisation Details'!A:I,7,0) -> tier - 1 | T11: =VLOOKUP(A11,'Hospitalisation Details'!A:I,8,0) -> tier - 2 | U11: =VLOOKUP(A11,'Hospitalisation Details'!A:I,9,0) -> R1013
A12: Id11 | B12: =VLOOKUP(A12,'Customer Names'!A:B,2,0) -> Fierro Vargas, Ms. Paola Andrea | C12: =IF(F12<5.7,"Normal",IF(F12<6.5,"Prediabetes","Diabetes")) -> Prediabetes | D12: =VLOOKUP(A12,'Medical Examinations'!A:H,2,0) -> 37.7 | E12: =IF(D12<18.5,"Underweight",IF(D12<25,"Normal Weight",IF(D12<30,"Overweight","Obesity"))) -> Obesity | F12: =VLOOKUP(A12,'Medical Examinations'!A:H,3,0) -> 5.96 | G12: =VLOOKUP(A12,'Medical Examinations'!A:H,4,0) -> yes | H12: =VLOOKUP(A12,'Medical Examinations'!A:H,5,0) -> No | I12: =VLOOKUP(A12,'Medical Examinations'!A:H,6,0) -> No | J12: =VLOOKUP(A12,'Medical Examinations'!A:H,7,0) -> 2 | K12: =VLOOKUP(A12,'Medical Examinations'!A:H,8,0) -> yes | L12: =VLOOKUP(A12,'Hospitalisation Details'!A:I,2,0) -> 1959 | M12: =VLOOKUP(A12,'Hospitalisation Details'!A:I,3,0) -> Jul | N12: =VLOOKUP(A12,'Hospitalisation Details'!A:I,4,0) -> 22 | O12: =CONCATENATE(N12," ",M12," ",L12) -> 22 Jul 1959 | P12: =DATEDIF(O12,TODAY(),"y") -> 67 | Q12: =VLOOKUP(A12,'Hospitalisation Details'!A:I,5,0) -> 0 | R12: =VLOOKUP(A12,'Hospitalisation Details'!A:I,6,0) -> 48824.45 | S12: =VLOOKUP(A12,'Hospitalisation Details'!A:I,7,0) -> tier - 2 | T12: =VLOOKUP(A12,'Hospitalisation Details'!A:I,8,0) -> tier - 1 | U12: =VLOOKUP(A12,'Hospitalisation Details'!A:I,9,0) -> R1011
A13: Id12 | B13: =VLOOKUP(A13,'Customer Names'!A:B,2,0) -> Franz, Mr. David | C13: =IF(F13<5.7,"Normal",IF(F13<6.5,"Prediabetes","Diabetes")) -> Diabetes | D13: =VLOOKUP(A13,'Medical Examinations'!A:H,2,0) -> 42.13 | E13: =IF(D13<18.5,"Underweight",IF(D13<25,"Normal Weight",IF(D13<30,"Overweight","Obesity"))) -> Obesity | F13: =VLOOKUP(A13,'Medical Examinations'!A:H,3,0) -> 11.9 | G13: =VLOOKUP(A13,'Medical Examinations'!A:H,4,0) -> No | H13: =VLOOKUP(A13,'Medical Examinations'!A:H,5,0) -> No | I13: =VLOOKUP(A13,'Medical Examinations'!A:H,6,0) -> No | J13: =VLOOKUP(A13,'Medical Examinations'!A:H,7,0) -> No major surgery | K13: =VLOOKUP(A13,'Medical Examinations'!A:H,8,0) -> yes | L13: =VLOOKUP(A13,'Hospitalisation Details'!A:I,2,0) -> 1965 | M13: =VLOOKUP(A13,'Hospitalisation Details'!A:I,3,0) -> Oct | N13: =VLOOKUP(A13,'Hospitalisation Details'!A:I,4,0) -> 27 | O13: =CONCATENATE(N13," ",M13," ",L13) -> 27 Oct 1965 | P13: =DATEDIF(O13,TODAY(),"y") -> 60 | Q13: =VLOOKUP(A13,'Hospitalisation Details'!A:I,5,0) -> 1 | R13: =VLOOKUP(A13,'Hospitalisation Details'!A:I,6,0) -> 48675.52 | S13: =VLOOKUP(A13,'Hospitalisation Details'!A:I,7,0) -> tier - 1 | T13: =VLOOKUP(A13,'Hospitalisation Details'!A:I,8,0) -> tier - 2 | U13: =VLOOKUP(A13,'Hospitalisation Details'!A:I,9,0) -> R1013
... A2336: Id2335 | B2336: =VLOOKUP(A2336,'Customer Names'!A:B,2,0) -> German, Mr. Aaron K | C2336: =IF(F2336<5.7,"Normal",IF(F2336<6.5,"Prediabetes","Diabetes")) -> Normal | D2336: =VLOOKUP(A2336,'Medical Examinations'!A:H,2,0) -> 17.58 | E2336: =IF(D2336<18.5,"Underweight",IF(D2336<25,"Normal Weight",IF(D2336<30,"Overweight","Obesity"))) -> Underweight | F2336: =VLOOKUP(A2336,'Medical Examinations'!A:H,3,0) -> 4.51 | G2336: =VLOOKUP(A2336,'Medical Examinations'!A:H,4,0) -> No | H2336: =VLOOKUP(A2336,'Medical Examinations'!A:H,5,0) -> No | I2336: =VLOOKUP(A2336,'Medical Examinations'!A:H,6,0) -> No | J2336: =VLOOKUP(A2336,'Medical Examinations'!A:H,7,0) -> 1 | K2336: =VLOOKUP(A2336,'Medical Examinations'!A:H,8,0) -> No | L2336: =VLOOKUP(A2336,'Hospitalisation Details'!A:I,2,0) -> 1992 | M2336: =VLOOKUP(A2336,'Hospitalisation Details'!A:I,3,0) -> Jul | N2336: =VLOOKUP(A2336,'Hospitalisation Details'!A:I,4,0) -> 9 | O2336: =CONCATENATE(N2336," ",M2336," ",L2336) -> 9 Jul 1992 | P2336: =DATEDIF(O2336,TODAY(),"y") -> 34 | Q2336: =VLOOKUP(A2336,'Hospitalisation Details'!A:I,5,0) -> 0 | R2336: =VLOOKUP(A2336,'Hospitalisation Details'!A:I,6,0) -> 563.84 | S2336: =VLOOKUP(A2336,'Hospitalisation Details'!A:I,7,0) -> tier - 2 | T2336: =VLOOKUP(A2336,'Hospitalisation Details'!A:I,8,0) -> tier - 3 | U2336: =VLOOKUP(A2336,'Hospitalisation Details'!A:I,9,0) -> R1013

Sheet pivot charts 
A1: () Analysis using Pie/Donut Chart:
A3: Row Labels | B3: Count of Cancer history
A4: No | B4: 1847
A5: yes | B5: 488
A6: Grand Total | B6: 2335
A16: Row Labels | B16: Average of HBA1C | C16: Sum of NumberOfMajorSurgeries
A17: No | B17: 6.7246661 | C17: 745
A18: yes | B18: 5.1844578 | C18: 95
A19: Grand Total | B19: 6.6199672 | C19: 840
A29: ()Analysis using Column/Bar Chart:
A32: Average of HBA1C | B32: Column Labels
A33: Row Labels | B33: Diabetes | C33: Normal | D33: Prediabetes | E33: Grand Total
A34: Obesity | B34: 9.308487 | C34: 4.8370053 | D34: 6.0418987 | E34: 6.6199672
A35: Grand Total | B35: 9.308487 | C35: 4.8370053 | D35: 6.0418987 | E35: 6.6199672
A44: ()Analysis using Line/Scatter Plot:
A46: Row Labels | B46: Sum of BMI | C46: Sum of HBA1C
A47: 21 | B47: 1078.34 | C47: 151.06
A48: 22 | B48: 1897.865 | C48: 282.21
A49: 23 | B49: 1036.36 | C49: 206
A50: 24 | B50: 796.84 | C50: 166.22
A51: 25 | B51: 1156.34 | C51: 161.36
A52: 26 | B52: 1056.345 | C52: 147.52
A53: 27 | B53: 543.275 | C53: 74.46
A54: 28 | B54: 952.08 | C54: 131.86
A55: 29 | B55: 874.425 | C55: 117.01
A56: 30 | B56: 1183.52 | C56: 160.31
A57: 31 | B57: 859.955 | C57: 122.28
A58: 32 | B58: 1257.905 | C58: 170.43
... A94: 68 | B94: 218.165 | C94: 53.9
A95: Grand Total | B95: 45904.15 | C95: 8082.98

Sheet dash board 
D9: Row Labels | E9: Count of Cancer history | G9: Row Labels | H9: Average of HBA1C | I9: Sum of NumberOfMajorSurgeries | K9: Average of HBA1C | L9: Column Labels
D10: No | E10: 939 | G10: No | H10: 6.7246661 | I10: 745 | K10: Row Labels | L10: Diabetes | M10: Normal | N10: Prediabetes | O10: Grand Total
D11: yes | E11: 282 | G11: yes | H11: 5.1844578 | I11: 95 | K11: Obesity | L11: 9.308487 | M11: 4.8370053 | N11: 6.0418987 | O11: 6.6199672
D12: Grand Total | E12: 1221 | G12: Grand Total | H12: 6.6199672 | I12: 840 | K12: Grand Total | L12: 9.308487 | M12: 4.8370053 | N12: 6.0418987 | O12: 6.6199672
